{
    "code": "necronomicon",
    "class": "blocktemporal",
    "attributes": {
        "placement": "top",
        "placetype": "book"
    },
    "blockmaterial": "Wood",
    "drawtype": "json",
    "lightabsorption": 0,
    "sideopaque": {
        "all": false
    },
    "sidesolid": {
        "all": false
    },
    "resistance": 2,
    "requiredminingtier": 0,
    "sounds": {
        "place": "game:walk/wood",
        "walk": "game:walk/wood"
    },
    "variantgroups": [
        { "loadFromProperties": "abstract/horizontalorientation" }
    ],
    "collisionBoxesByType": {
        "*": [
            {
                "x1": 0.2,
                "y1": 0,
                "z1": 0.2,
                "x2": 0.8,
                "y2": 0.325,
                "z2": 0.8
            }
        ]
    },
    "selectionboxesByType": {
        "*-north": [
            {
                "x1": 0.125,
                "y1": 0,
                "z1": 0.125,
                "x2": 0.875,
                "y2": 0.2,
                "z2": 0.875
            }

        ],
        "*-south": [
            {
                "x1": 0.125,
                "y1": 0,
                "z1": 0.125,
                "x2": 0.875,
                "y2": 0.2,
                "z2": 0.875
            }
        ],
        "*-east": [
            {
                "x1": 0.125,
                "y1": 0,
                "z1": 0.125,
                "x2": 0.875,
                "y2": 0.2,
                "z2": 0.875
            }
        ],
        "*-west": [
            {
                "x1": 0.125,
                "y1": 0,
                "z1": 0.125,
                "x2": 0.875,
                "y2": 0.2,
                "z2": 0.875
            }
        ]
    },


    "guiTransform": {
        "translation": {
            "x": -0.1,
            "y": 2.5,
            "z": 0
        },
        "rotation": {
            "x": -43,
            "y": 26,
            "z": -6
        },
        "origin": {
            "x": 0.5,
            "y": 0.1,
            "z": 0.5
        },
        "scale": 1.61
    },
    "groundTransform": {
        "scale": 4.2
    },
    "fpHandTransform": {
        "translation": {
            "x": -0.8,
            "y": 0.6,
            "z": -1.5
        },
        "rotation": {
            "x": 39,
            "y": -82,
            "z": -48
        },
        "origin": {
            "x": 0.5,
            "y": -1.2,
            "z": 0.5
        },
        "scale": 1.66
    },
    "tpHandTransform": {
        "translation": {
            "x": -0.9,
            "y": -0.4,
            "z": 0.1
        },
        "rotation": {
            "x": -23,
            "y": -77,
            "z": -20
        },
        "origin": {
            "x": 0.2,
            "y": 0.3,
            "z": 0
        },
        "scale": 0.63
    },
    "drops": [
        {
            "type": "block",
            "code": "primitivesurvival:necronomicon-north"
        }
    ],
    "textures": {
        "necronomicon": {
            "base": "primitivesurvival:block/necronomicon"
        }
    },
    "shapebytype": {
        "*-north": {
            "base": "block/relic/necronomicon-closed",
            "rotateY": 0
        },
        "*-east": {
            "base": "block/relic/necronomicon-closed",
            "rotateY": 270
        },
        "*-south": {
            "base": "block/relic/necronomicon-closed",
            "rotateY": 180
        },
        "*-west": {
            "base": "block/relic/necronomicon-closed",
            "rotateY": 90
        }
    },
    "creativeinventory": {
        "general": [ "*-north" ],
        "primitive": [ "*-north" ]
    }
}
