{
  "editor": {
    "allAngles": true,
    "entityTextureMode": false
  },
  "textureWidth": 16,
  "textureHeight": 16,
  "textureSizes": {},
  "textures": {},
  "elements": [
    {
      "name": "Cube1",
      "from": [7.5, 0.5, 3.0],
      "to": [8.5, 6.8, 4.0],
      "rotationOrigin": [7.0, 1.0, 2.0],
      "rotationX": 33.0,
      "faces": {
        "north": {
          "texture": "#woodmaterial",
          "uv": [0.0, 0.0, 1.0, 13.0],
          "autoUv": false
        },
        "east": { "texture": "#woodmaterial", "uv": [7.0, 0.0, 8.0, 6.0] },
        "south": { "texture": "#woodmaterial", "uv": [3.0, 0.0, 4.0, 6.0] },
        "west": { "texture": "#woodmaterial", "uv": [11.0, 0.0, 12.0, 6.0] },
        "up": { "texture": "#woodmaterial", "uv": [0.0, 0.0, 1.0, 1.0] },
        "down": { "texture": "#woodmaterial", "uv": [0.0, 0.0, 1.0, 1.0] }
      }
    },
    {
      "name": "Cube2",
      "from": [3.5, 0.0, 12.0],
      "to": [12.5, 9.0, 14.0],
      "rotationOrigin": [4.0, 0.0, 13.0],
      "rotationX": -45.0,
      "faces": {
        "north": { "texture": "#rockmaterial", "uv": [0.0, 0.0, 9.0, 9.0] },
        "east": { "texture": "#rockmaterial", "uv": [0.0, 0.0, 2.0, 9.0] },
        "south": { "texture": "#rockmaterial", "uv": [0.0, 0.0, 9.0, 9.0] },
        "west": { "texture": "#rockmaterial", "uv": [0.0, 0.0, 2.0, 9.0] },
        "up": { "texture": "#rockmaterial", "uv": [0.0, 0.0, 9.0, 2.0] },
        "down": { "texture": "#rockmaterial", "uv": [0.0, 0.0, 9.0, 2.0] }
      }
    }
  ]
}
