{
  "code": "earthworm",
  "class": "entityearthworm",
  "hitboxSize": {
    "x": 0.4,
    "y": 0.4
  },
  "deadHitboxSize": {
    "x": 0.4,
    "y": 0.4
  },
  "falldamage": false,
  "eyeHeight": 0.1,
  "client": {
    "renderer": "Shape",
    "shape": { "base": "entity/land/earthworm" },
    "texture": { "base": "entity/land/earthworm" },
    "behaviors": [
        {
            "code": "controlledphysics",
            "stepHeight": 0.2
        },
      
        { "code": "interpolateposition" }
    ],
    "animations": [
      {
        "code": "lookaround",
        "animation": "burrow",
        "animationSpeed": 1,
        "weight": 1,
        "blendMode": "AddAverage"
      },
      {
        "code": "move",
        "animation": "move",
        "animationSpeed": 1,
        "weight": 1,
        "blendMode": "AddAverage"
      },
      {
        "code": "idle",
        "animation": "idle",
        "animationSpeed": 0.5,
        "weight": 1,
        "blendMode": "AddAverage"
      },
      {
        "code": "sit",
        "animation": "sit",
        "easeInSpeed": 4,
        "easeOutSpeed": 4,
        "weight": 1,
        "blendMode": "AddAverage"
      }
    ]
  },
  "server": {
    "behaviors": [
        {
            "code": "controlledphysics",
            "stepHeight": 0.2
        },
        {
            "code": "floatupwhenstuck",
            "onlyWhenDead": true
        },
        {
            "code": "despawn",
            "minPlayerDistance": 48,
            "minSeconds": 90
        },
        {
            "code": "taskai",
            "aitasks": [
                {
                    "code": "idle",
                    "priority": 1.1,
                    "movespeed": 0.0008,
                    "minduration": 1000,
                    "maxduration": 3000,
                    "mincooldown": 2000,
                    "maxcooldown": 5000,
                    "animation": "idle",
                    "animationSpeed": 0.5,
                    "preferredLightLevel": 15
                },
                {
                    "code": "wander",
                    "priority": 1,
                    "movespeed": 0.0016,
                    "animationSpeed": 1,
                    "minduration": 1000,
                    "maxduration": 3000,
                    "mincooldown": 2000,
                    "maxcooldown": 5000,
                    "animation": "move",
                    "preferredLightLevel": 15
                },
                {
                    "code": "wander",
                    "priority": 0.7,
                    "movespeed": 0.0016,
                    "minduration": 2000,
                    "maxduration": 5000,
                    "mincooldown": 2000,
                    "maxcooldown": 5000,
                    "animationSpeed": 1,
                    "animation": "burrow",
                    "preferredLightLevel": 15
                },
                {
                    "code": "lookaround",
                    "priority": 0.7,
                    "movespeed": 0.0003,
                    "animationSpeed": 0.5,
                    "minduration": 2000,
                    "maxduration": 5000,
                    "mincooldown": 2000,
                    "maxcooldown": 5000,
                    "animation": "sit",
                    "preferredLightLevel": 15
                }
            ]
        }
    ],
    "spawnconditions": {
      "runtime": {
        "group": "passive",
        "maxQuantity": 8,
        "maxLightLevel": 8,
        "chance": 1,
        "lightLevelType": "MaxTimeOfDayLight",
        "groupSize": { "dist": "invexp", "avg": 6, "var": 2 },
        "minTemp": 0,
        "minRain": 0,
        "tryOnlySurface": true,
        "insideBlockCodes": ["game:flower-*", "game:*grass-*"]
      }
    }
  }
}
