{
	"editor": {
		"allAngles": false,
		"entityTextureMode": false
	},
	"textureWidth": 16,
	"textureHeight": 16,
	"textureSizes": {
	},
	"textures": {
	},
	"elements": [
		{
			"name": "Cube1",
			"from": [ 6.0, 5.0, 0.0 ], 
			"to": [ 7.0, 19.0, 1.0 ], 
			"rotationOrigin": [ 6.0, 5.0, 0.0 ],
			"rotationX": 67.5,
			"rotationZ": 11.0,
			"faces": {
				"north": { "texture": "#woodmaterial", "uv": [ 0.0, 0.0, 0.5, 14.0 ] },
				"east": { "texture": "#woodmaterial", "uv": [ 0.0, 0.0, 0.5, 14.0 ] },
				"south": { "texture": "#woodmaterial", "uv": [ 0.0, 0.0, 0.5, 14.0 ] },
				"west": { "texture": "#woodmaterial", "uv": [ 0.0, 0.0, 0.5, 14.0 ] },
				"up": { "texture": "#woodmaterial", "uv": [ 0.0, 0.0, 0.5, 0.5 ] },
				"down": { "texture": "#woodmaterial", "uv": [ 0.0, 0.0, 0.5, 0.5 ] }
			},
			"children": [
				{
					"name": "Cube2",
					"from": [ 3.0, 0.0, 0.0 ], 
					"to": [ 4.0, 14.0, 1.0 ], 
					"rotationOrigin": [ 3.0, 0.0, 0.0 ],
					"rotationZ": -22.5,
					"faces": {
						"north": { "texture": "#woodmaterial", "uv": [ 0.0, 0.0, 1.0, 14.0 ] },
						"east": { "texture": "#woodmaterial", "uv": [ 0.0, 0.0, 1.0, 14.0 ] },
						"south": { "texture": "#woodmaterial", "uv": [ 0.0, 0.0, 1.0, 14.0 ] },
						"west": { "texture": "#woodmaterial", "uv": [ 0.0, 0.0, 1.0, 14.0 ] },
						"up": { "texture": "#woodmaterial", "uv": [ 0.0, 0.0, 1.0, 1.0 ] },
						"down": { "texture": "#woodmaterial", "uv": [ 0.0, 0.0, 1.0, 1.0 ] }
					}
				},
				{
					"name": "Cube3",
					"from": [ 3.0, 0.0, 3.0 ], 
					"to": [ 4.0, 15.0, 4.0 ], 
					"rotationOrigin": [ 3.0, 0.0, 3.0 ],
					"rotationX": 22.5,
					"rotationZ": -22.5,
					"faces": {
						"north": { "texture": "#woodmaterial", "uv": [ 0.0, 0.0, 1.0, 15.0 ] },
						"east": { "texture": "#woodmaterial", "uv": [ 0.0, 0.0, 1.0, 15.0 ] },
						"south": { "texture": "#woodmaterial", "uv": [ 0.0, 0.0, 1.0, 15.0 ] },
						"west": { "texture": "#woodmaterial", "uv": [ 0.0, 0.0, 1.0, 15.0 ] },
						"up": { "texture": "#woodmaterial", "uv": [ 0.0, 0.0, 1.0, 1.0 ] },
						"down": { "texture": "#woodmaterial", "uv": [ 0.0, 0.0, 1.0, 1.0 ] }
					}
				},
				{
					"name": "Cube4",
					"from": [ 0.0, 0.0, 3.0 ], 
					"to": [ 1.0, 15.0, 4.0 ], 
					"rotationOrigin": [ 0.0, 0.0, 3.0 ],
					"rotationX": 22.5,
					"faces": {
						"north": { "texture": "#woodmaterial", "uv": [ 0.0, 0.0, 1.0, 15.0 ] },
						"east": { "texture": "#woodmaterial", "uv": [ 0.0, 0.0, 1.0, 15.0 ] },
						"south": { "texture": "#woodmaterial", "uv": [ 0.0, 0.0, 1.0, 15.0 ] },
						"west": { "texture": "#woodmaterial", "uv": [ 0.0, 0.0, 1.0, 15.0 ] },
						"up": { "texture": "#woodmaterial", "uv": [ 0.0, 0.0, 1.0, 1.0 ] },
						"down": { "texture": "#woodmaterial", "uv": [ 0.0, 0.0, 1.0, 1.0 ] }
					}
				}
			]
		},
		{
			"name": "Cube5",
			"from": [ 6.0, 5.9, 0.5 ], 
			"to": [ 7.0, 6.4, 1.0 ], 
			"rotationOrigin": [ 6.0, 5.5, 0.5 ],
			"rotationX": 67.5,
			"faces": {
				"north": { "texture": "#stringmaterial", "uv": [ 0.0, 0.0, 1.0, 0.5 ] },
				"east": { "texture": "#stringmaterial", "uv": [ 0.0, 0.0, 0.5, 0.5 ] },
				"south": { "texture": "#stringmaterial", "uv": [ 0.0, 0.0, 1.0, 0.5 ] },
				"west": { "texture": "#stringmaterial", "uv": [ 0.0, 0.0, 0.5, 0.5 ] },
				"up": { "texture": "#stringmaterial", "uv": [ 0.0, 0.0, 1.0, 0.5 ] },
				"down": { "texture": "#stringmaterial", "uv": [ 0.0, 0.0, 1.0, 0.5 ] }
			},
			"children": [
				{
					"name": "Cube6",
					"from": [ 0.6, -0.1, -0.2 ], 
					"to": [ 3.4, 0.4, 0.3 ], 
					"rotationOrigin": [ -1.4, 0.9, -0.2 ],
					"faces": {
						"north": { "texture": "#stringmaterial", "uv": [ 0.0, 0.0, 2.5, 0.5 ] },
						"east": { "texture": "#stringmaterial", "uv": [ 0.0, 0.0, 0.5, 0.5 ] },
						"south": { "texture": "#stringmaterial", "uv": [ 0.0, 0.0, 2.5, 0.5 ] },
						"west": { "texture": "#stringmaterial", "uv": [ 0.0, 0.0, 0.5, 0.5 ] },
						"up": { "texture": "#stringmaterial", "uv": [ 0.0, 0.0, 2.5, 0.5 ] },
						"down": { "texture": "#stringmaterial", "uv": [ 0.0, 0.0, 2.5, 0.5 ] }
					}
				},
				{
					"name": "Cube7",
					"from": [ 3.0, 0.0, 0.0 ], 
					"to": [ 4.0, 0.5, 0.5 ], 
					"rotationOrigin": [ 3.0, 0.0, 0.0 ],
					"faces": {
						"north": { "texture": "#stringmaterial", "uv": [ 0.0, 0.0, 0.5, 0.5 ] },
						"east": { "texture": "#stringmaterial", "uv": [ 0.0, 0.0, 0.5, 0.5 ] },
						"south": { "texture": "#stringmaterial", "uv": [ 0.0, 0.0, 0.5, 0.5 ] },
						"west": { "texture": "#stringmaterial", "uv": [ 0.0, 0.0, 0.5, 0.5 ] },
						"up": { "texture": "#stringmaterial", "uv": [ 0.0, 0.0, 0.5, 0.5 ] },
						"down": { "texture": "#stringmaterial", "uv": [ 0.0, 0.0, 0.5, 0.5 ] }
					}
				},
				{
					"name": "Cube8",
					"from": [ 4.0, 0.0, 0.5 ], 
					"to": [ 4.5, 0.5, 2.0 ], 
					"rotationOrigin": [ 4.0, 0.0, 0.5 ],
					"faces": {
						"north": { "texture": "#stringmaterial", "uv": [ 0.0, 0.0, 0.5, 0.5 ] },
						"east": { "texture": "#stringmaterial", "uv": [ 0.0, 0.0, 1.5, 0.5 ] },
						"south": { "texture": "#stringmaterial", "uv": [ 0.0, 0.0, 0.5, 0.5 ] },
						"west": { "texture": "#stringmaterial", "uv": [ 0.0, 0.0, 1.5, 0.5 ] },
						"up": { "texture": "#stringmaterial", "uv": [ 0.0, 0.0, 0.5, 1.5 ] },
						"down": { "texture": "#stringmaterial", "uv": [ 0.0, 0.0, 0.5, 1.5 ] }
					}
				},
				{
					"name": "Cube9",
					"from": [ 4.2, 0.0, 1.5 ], 
					"to": [ 4.7, 0.5, 4.5 ], 
					"rotationOrigin": [ 4.2, 0.0, 1.5 ],
					"faces": {
						"north": { "texture": "#stringmaterial", "uv": [ 0.0, 0.0, 0.5, 0.5 ] },
						"east": { "texture": "#stringmaterial", "uv": [ 0.0, 0.0, 3.0, 0.5 ] },
						"south": { "texture": "#stringmaterial", "uv": [ 0.0, 0.0, 0.5, 0.5 ] },
						"west": { "texture": "#stringmaterial", "uv": [ 0.0, 0.0, 3.0, 0.5 ] },
						"up": { "texture": "#stringmaterial", "uv": [ 0.0, 0.0, 0.5, 3.0 ] },
						"down": { "texture": "#stringmaterial", "uv": [ 0.0, 0.0, 0.5, 3.0 ] }
					}
				},
				{
					"name": "Cube10",
					"from": [ 4.0, 0.0, 4.0 ], 
					"to": [ 4.5, 0.5, 5.0 ], 
					"rotationOrigin": [ 4.0, 0.0, 4.0 ],
					"faces": {
						"north": { "texture": "#stringmaterial", "uv": [ 0.0, 0.0, 0.5, 0.5 ] },
						"east": { "texture": "#stringmaterial", "uv": [ 0.0, 0.0, 1.0, 0.5 ] },
						"south": { "texture": "#stringmaterial", "uv": [ 0.0, 0.0, 0.5, 0.5 ] },
						"west": { "texture": "#stringmaterial", "uv": [ 0.0, 0.0, 1.0, 0.5 ] },
						"up": { "texture": "#stringmaterial", "uv": [ 0.0, 0.0, 0.5, 1.0 ] },
						"down": { "texture": "#stringmaterial", "uv": [ 0.0, 0.0, 0.5, 1.0 ] }
					}
				},
				{
					"name": "Cube11",
					"from": [ 3.0, 0.0, 4.7 ], 
					"to": [ 4.0, 0.5, 5.2 ], 
					"rotationOrigin": [ 3.0, 0.0, 4.7 ],
					"faces": {
						"north": { "texture": "#stringmaterial", "uv": [ 0.0, 0.0, 1.0, 0.5 ] },
						"east": { "texture": "#stringmaterial", "uv": [ 0.0, 0.0, 0.5, 0.5 ] },
						"south": { "texture": "#stringmaterial", "uv": [ 0.0, 0.0, 1.0, 0.5 ] },
						"west": { "texture": "#stringmaterial", "uv": [ 0.0, 0.0, 0.5, 0.5 ] },
						"up": { "texture": "#stringmaterial", "uv": [ 0.0, 0.0, 1.0, 0.5 ] },
						"down": { "texture": "#stringmaterial", "uv": [ 0.0, 0.0, 1.0, 0.5 ] }
					}
				},
				{
					"name": "Cube12",
					"from": [ 0.5, 0.0, 5.2 ], 
					"to": [ 3.5, 0.5, 5.7 ], 
					"rotationOrigin": [ 0.5, 0.0, 5.2 ],
					"faces": {
						"north": { "texture": "#stringmaterial", "uv": [ 0.0, 0.0, 3.0, 0.5 ] },
						"east": { "texture": "#stringmaterial", "uv": [ 0.0, 0.0, 0.5, 0.5 ] },
						"south": { "texture": "#stringmaterial", "uv": [ 0.0, 0.0, 3.0, 0.5 ] },
						"west": { "texture": "#stringmaterial", "uv": [ 0.0, 0.0, 0.5, 0.5 ] },
						"up": { "texture": "#stringmaterial", "uv": [ 0.0, 0.0, 3.0, 0.5 ] },
						"down": { "texture": "#stringmaterial", "uv": [ 0.0, 0.0, 3.0, 0.5 ] }
					}
				},
				{
					"name": "Cube13",
					"from": [ 0.0, 0.0, 4.8 ], 
					"to": [ 1.0, 0.5, 5.3 ], 
					"rotationOrigin": [ 0.0, 0.0, 4.8 ],
					"faces": {
						"north": { "texture": "#stringmaterial", "uv": [ 0.0, 0.0, 1.0, 0.5 ] },
						"east": { "texture": "#stringmaterial", "uv": [ 0.0, 0.0, 0.5, 0.5 ] },
						"south": { "texture": "#stringmaterial", "uv": [ 0.0, 0.0, 1.0, 0.5 ] },
						"west": { "texture": "#stringmaterial", "uv": [ 0.0, 0.0, 0.5, 0.5 ] },
						"up": { "texture": "#stringmaterial", "uv": [ 0.0, 0.0, 1.0, 0.5 ] },
						"down": { "texture": "#stringmaterial", "uv": [ 0.0, 0.0, 1.0, 0.5 ] }
					}
				},
				{
					"name": "Cube14",
					"from": [ -0.5, 0.0, 4.0 ], 
					"to": [ 0.0, 0.5, 5.0 ], 
					"rotationOrigin": [ -0.5, 0.0, 4.0 ],
					"faces": {
						"north": { "texture": "#stringmaterial", "uv": [ 0.0, 0.0, 0.5, 0.5 ] },
						"east": { "texture": "#stringmaterial", "uv": [ 0.0, 0.0, 0.5, 0.5 ] },
						"south": { "texture": "#stringmaterial", "uv": [ 0.0, 0.0, 0.5, 0.5 ] },
						"west": { "texture": "#stringmaterial", "uv": [ 0.0, 0.0, 0.5, 0.5 ] },
						"up": { "texture": "#stringmaterial", "uv": [ 0.0, 0.0, 0.5, 0.5 ] },
						"down": { "texture": "#stringmaterial", "uv": [ 0.0, 0.0, 0.5, 0.5 ] }
					}
				},
				{
					"name": "Cube15",
					"from": [ -0.7, 0.0, 1.5 ], 
					"to": [ -0.2, 0.5, 4.5 ], 
					"rotationOrigin": [ -0.7, 0.0, 1.5 ],
					"faces": {
						"north": { "texture": "#stringmaterial", "uv": [ 0.0, 0.0, 0.5, 0.5 ] },
						"east": { "texture": "#stringmaterial", "uv": [ 0.0, 0.0, 3.0, 0.5 ] },
						"south": { "texture": "#stringmaterial", "uv": [ 0.0, 0.0, 0.5, 0.5 ] },
						"west": { "texture": "#stringmaterial", "uv": [ 0.0, 0.0, 3.0, 0.5 ] },
						"up": { "texture": "#stringmaterial", "uv": [ 0.0, 0.0, 0.5, 3.0 ] },
						"down": { "texture": "#stringmaterial", "uv": [ 0.0, 0.0, 0.5, 3.0 ] }
					}
				},
				{
					"name": "Cube16",
					"from": [ -0.5, 0.0, 0.5 ], 
					"to": [ 0.0, 0.5, 2.0 ], 
					"rotationOrigin": [ -0.5, 0.0, 0.5 ],
					"faces": {
						"north": { "texture": "#stringmaterial", "uv": [ 0.0, 0.0, 0.5, 0.5 ] },
						"east": { "texture": "#stringmaterial", "uv": [ 0.0, 0.0, 0.5, 0.5 ] },
						"south": { "texture": "#stringmaterial", "uv": [ 0.0, 0.0, 0.5, 0.5 ] },
						"west": { "texture": "#stringmaterial", "uv": [ 0.0, 0.0, 0.5, 0.5 ] },
						"up": { "texture": "#stringmaterial", "uv": [ 0.0, 0.0, 0.5, 0.5 ] },
						"down": { "texture": "#stringmaterial", "uv": [ 0.0, 0.0, 0.5, 0.5 ] }
					}
				}
			]
		},
		{
			"name": "Cube17",
			"from": [ 5.6, 7.0, 4.0 ], 
			"to": [ 6.6, 7.5, 4.5 ], 
			"rotationOrigin": [ 5.6, 7.0, 4.0 ],
			"rotationX": 67.5,
			"faces": {
				"north": { "texture": "#stringmaterial", "uv": [ 0.0, 0.0, 1.0, 0.5 ] },
				"east": { "texture": "#stringmaterial", "uv": [ 0.0, 0.0, 0.5, 0.5 ] },
				"south": { "texture": "#stringmaterial", "uv": [ 0.0, 0.0, 1.0, 0.5 ] },
				"west": { "texture": "#stringmaterial", "uv": [ 0.0, 0.0, 0.5, 0.5 ] },
				"up": { "texture": "#stringmaterial", "uv": [ 0.0, 0.0, 1.0, 0.5 ] },
				"down": { "texture": "#stringmaterial", "uv": [ 0.0, 0.0, 1.0, 0.5 ] }
			},
			"children": [
				{
					"name": "Cube18",
					"from": [ 0.5, 0.0, -0.3 ], 
					"to": [ 4.3, 0.5, 0.2 ], 
					"rotationOrigin": [ 0.5, 0.0, -0.3 ],
					"faces": {
						"north": { "texture": "#stringmaterial", "uv": [ 0.0, 0.0, 3.5, 0.5 ] },
						"east": { "texture": "#stringmaterial", "uv": [ 0.0, 0.0, 0.5, 0.5 ] },
						"south": { "texture": "#stringmaterial", "uv": [ 0.0, 0.0, 3.5, 0.5 ] },
						"west": { "texture": "#stringmaterial", "uv": [ 0.0, 0.0, 0.5, 0.5 ] },
						"up": { "texture": "#stringmaterial", "uv": [ 0.0, 0.0, 3.5, 0.5 ] },
						"down": { "texture": "#stringmaterial", "uv": [ 0.0, 0.0, 3.5, 0.5 ] }
					}
				},
				{
					"name": "Cube19",
					"from": [ 3.8, 0.0, 0.0 ], 
					"to": [ 5.1, 0.5, 0.5 ], 
					"rotationOrigin": [ 3.8, 0.0, 0.0 ],
					"faces": {
						"north": { "texture": "#stringmaterial", "uv": [ 0.0, 0.0, 1.0, 0.5 ] },
						"east": { "texture": "#stringmaterial", "uv": [ 0.0, 0.0, 0.5, 0.5 ] },
						"south": { "texture": "#stringmaterial", "uv": [ 0.0, 0.0, 1.0, 0.5 ] },
						"west": { "texture": "#stringmaterial", "uv": [ 0.0, 0.0, 0.5, 0.5 ] },
						"up": { "texture": "#stringmaterial", "uv": [ 0.0, 0.0, 1.0, 0.5 ] },
						"down": { "texture": "#stringmaterial", "uv": [ 0.0, 0.0, 1.0, 0.5 ] }
					}
				},
				{
					"name": "Cube20",
					"from": [ 4.5, 0.0, 0.5 ], 
					"to": [ 5.0, 0.5, 3.0 ], 
					"rotationOrigin": [ 4.5, 0.0, 0.5 ],
					"faces": {
						"north": { "texture": "#stringmaterial", "uv": [ 0.0, 0.0, 0.5, 0.5 ] },
						"east": { "texture": "#stringmaterial", "uv": [ 0.0, 0.0, 2.5, 0.5 ] },
						"south": { "texture": "#stringmaterial", "uv": [ 0.0, 0.0, 0.5, 0.5 ] },
						"west": { "texture": "#stringmaterial", "uv": [ 0.0, 0.0, 2.5, 0.5 ] },
						"up": { "texture": "#stringmaterial", "uv": [ 0.0, 0.0, 0.5, 2.5 ] },
						"down": { "texture": "#stringmaterial", "uv": [ 0.0, 0.0, 0.5, 2.5 ] }
					}
				},
				{
					"name": "Cube21",
					"from": [ 5.0, 0.0, 2.5 ], 
					"to": [ 5.5, 0.5, 5.5 ], 
					"rotationOrigin": [ 5.0, 0.0, 2.5 ],
					"faces": {
						"north": { "texture": "#stringmaterial", "uv": [ 0.0, 0.0, 0.5, 0.5 ] },
						"east": { "texture": "#stringmaterial", "uv": [ 0.0, 0.0, 3.0, 0.5 ] },
						"south": { "texture": "#stringmaterial", "uv": [ 0.0, 0.0, 0.5, 0.5 ] },
						"west": { "texture": "#stringmaterial", "uv": [ 0.0, 0.0, 3.0, 0.5 ] },
						"up": { "texture": "#stringmaterial", "uv": [ 0.0, 0.0, 0.5, 3.0 ] },
						"down": { "texture": "#stringmaterial", "uv": [ 0.0, 0.0, 0.5, 3.0 ] }
					}
				},
				{
					"name": "Cube22",
					"from": [ 4.5, 0.0, 5.0 ], 
					"to": [ 5.0, 0.5, 6.0 ], 
					"rotationOrigin": [ 4.5, 0.0, 5.0 ],
					"faces": {
						"north": { "texture": "#stringmaterial", "uv": [ 0.0, 0.0, 0.5, 0.5 ] },
						"east": { "texture": "#stringmaterial", "uv": [ 0.0, 0.0, 1.0, 0.5 ] },
						"south": { "texture": "#stringmaterial", "uv": [ 0.0, 0.0, 0.5, 0.5 ] },
						"west": { "texture": "#stringmaterial", "uv": [ 0.0, 0.0, 1.0, 0.5 ] },
						"up": { "texture": "#stringmaterial", "uv": [ 0.0, 0.0, 0.5, 1.0 ] },
						"down": { "texture": "#stringmaterial", "uv": [ 0.0, 0.0, 0.5, 1.0 ] }
					}
				},
				{
					"name": "Cube23",
					"from": [ 3.5, 0.0, 6.2 ], 
					"to": [ 5.0, 0.5, 6.7 ], 
					"rotationOrigin": [ 3.5, 0.0, 6.2 ],
					"faces": {
						"north": { "texture": "#stringmaterial", "uv": [ 0.0, 0.0, 1.5, 0.5 ] },
						"east": { "texture": "#stringmaterial", "uv": [ 0.0, 0.0, 0.5, 0.5 ] },
						"south": { "texture": "#stringmaterial", "uv": [ 0.0, 0.0, 1.5, 0.5 ] },
						"west": { "texture": "#stringmaterial", "uv": [ 0.0, 0.0, 0.5, 0.5 ] },
						"up": { "texture": "#stringmaterial", "uv": [ 0.0, 0.0, 1.5, 0.5 ] },
						"down": { "texture": "#stringmaterial", "uv": [ 0.0, 0.0, 1.5, 0.5 ] }
					}
				},
				{
					"name": "Cube24",
					"from": [ 0.7, 0.0, 6.5 ], 
					"to": [ 3.7, 0.5, 7.0 ], 
					"rotationOrigin": [ 0.7, 0.0, 6.5 ],
					"faces": {
						"north": { "texture": "#stringmaterial", "uv": [ 0.0, 0.0, 3.0, 0.5 ] },
						"east": { "texture": "#stringmaterial", "uv": [ 0.0, 0.0, 0.5, 0.5 ] },
						"south": { "texture": "#stringmaterial", "uv": [ 0.0, 0.0, 3.0, 0.5 ] },
						"west": { "texture": "#stringmaterial", "uv": [ 0.0, 0.0, 0.5, 0.5 ] },
						"up": { "texture": "#stringmaterial", "uv": [ 0.0, 0.0, 3.0, 0.5 ] },
						"down": { "texture": "#stringmaterial", "uv": [ 0.0, 0.0, 3.0, 0.5 ] }
					}
				},
				{
					"name": "Cube25",
					"from": [ -0.5, 0.0, 6.2 ], 
					"to": [ 1.0, 0.5, 6.7 ], 
					"rotationOrigin": [ -0.5, 0.0, 6.2 ],
					"faces": {
						"north": { "texture": "#stringmaterial", "uv": [ 0.0, 0.0, 1.5, 0.5 ] },
						"east": { "texture": "#stringmaterial", "uv": [ 0.0, 0.0, 0.5, 0.5 ] },
						"south": { "texture": "#stringmaterial", "uv": [ 0.0, 0.0, 1.5, 0.5 ] },
						"west": { "texture": "#stringmaterial", "uv": [ 0.0, 0.0, 0.5, 0.5 ] },
						"up": { "texture": "#stringmaterial", "uv": [ 0.0, 0.0, 1.5, 0.5 ] },
						"down": { "texture": "#stringmaterial", "uv": [ 0.0, 0.0, 1.5, 0.5 ] }
					}
				},
				{
					"name": "Cube26",
					"from": [ -0.5, 0.0, 5.0 ], 
					"to": [ 0.0, 0.5, 6.0 ], 
					"rotationOrigin": [ -0.5, 0.0, 5.0 ],
					"faces": {
						"north": { "texture": "#stringmaterial", "uv": [ 0.0, 0.0, 0.5, 0.5 ] },
						"east": { "texture": "#stringmaterial", "uv": [ 0.0, 0.0, 0.5, 0.5 ] },
						"south": { "texture": "#stringmaterial", "uv": [ 0.0, 0.0, 0.5, 0.5 ] },
						"west": { "texture": "#stringmaterial", "uv": [ 0.0, 0.0, 0.5, 0.5 ] },
						"up": { "texture": "#stringmaterial", "uv": [ 0.0, 0.0, 0.5, 0.5 ] },
						"down": { "texture": "#stringmaterial", "uv": [ 0.0, 0.0, 0.5, 0.5 ] }
					}
				},
				{
					"name": "Cube27",
					"from": [ -1.0, 0.0, 2.5 ], 
					"to": [ -0.5, 0.5, 5.5 ], 
					"rotationOrigin": [ -1.0, 0.0, 2.5 ],
					"faces": {
						"north": { "texture": "#stringmaterial", "uv": [ 0.0, 0.0, 0.5, 0.5 ] },
						"east": { "texture": "#stringmaterial", "uv": [ 0.0, 0.0, 3.0, 0.5 ] },
						"south": { "texture": "#stringmaterial", "uv": [ 0.0, 0.0, 0.5, 0.5 ] },
						"west": { "texture": "#stringmaterial", "uv": [ 0.0, 0.0, 3.0, 0.5 ] },
						"up": { "texture": "#stringmaterial", "uv": [ 0.0, 0.0, 0.5, 3.0 ] },
						"down": { "texture": "#stringmaterial", "uv": [ 0.0, 0.0, 0.5, 3.0 ] }
					}
				},
				{
					"name": "Cube28",
					"from": [ -0.5, 0.0, 0.5 ], 
					"to": [ 0.0, 0.5, 3.0 ], 
					"rotationOrigin": [ -0.5, 0.0, 0.5 ],
					"faces": {
						"north": { "texture": "#stringmaterial", "uv": [ 0.0, 0.0, 0.5, 0.5 ] },
						"east": { "texture": "#stringmaterial", "uv": [ 0.0, 0.0, 2.0, 0.5 ] },
						"south": { "texture": "#stringmaterial", "uv": [ 0.0, 0.0, 0.5, 0.5 ] },
						"west": { "texture": "#stringmaterial", "uv": [ 0.0, 0.0, 2.0, 0.5 ] },
						"up": { "texture": "#stringmaterial", "uv": [ 0.0, 0.0, 0.5, 2.0 ] },
						"down": { "texture": "#stringmaterial", "uv": [ 0.0, 0.0, 0.5, 2.0 ] }
					}
				}
			]
		},
		{
			"name": "Cube41",
			"from": [ 4.0, 10.1, 11.0 ], 
			"to": [ 6.2, 10.6, 11.5 ], 
			"rotationOrigin": [ 4.0, 10.1, 11.0 ],
			"rotationX": 67.5,
			"faces": {
				"north": { "texture": "#stringmaterial", "uv": [ 0.0, 0.0, 2.0, 0.5 ] },
				"east": { "texture": "#stringmaterial", "uv": [ 0.0, 0.0, 0.5, 0.5 ] },
				"south": { "texture": "#stringmaterial", "uv": [ 0.0, 0.0, 2.0, 0.5 ] },
				"west": { "texture": "#stringmaterial", "uv": [ 0.0, 0.0, 0.5, 0.5 ] },
				"up": { "texture": "#stringmaterial", "uv": [ 0.0, 0.0, 2.0, 0.5 ] },
				"down": { "texture": "#stringmaterial", "uv": [ 0.0, 0.0, 2.0, 0.5 ] }
			},
			"children": [
				{
					"name": "Cube42",
					"from": [ 1.5, 0.0, -0.5 ], 
					"to": [ 6.5, 0.5, 0.0 ], 
					"rotationOrigin": [ 1.5, 0.0, -0.5 ],
					"faces": {
						"north": { "texture": "#stringmaterial", "uv": [ 0.0, 0.0, 5.0, 0.5 ] },
						"east": { "texture": "#stringmaterial", "uv": [ 0.0, 0.0, 0.5, 0.5 ] },
						"south": { "texture": "#stringmaterial", "uv": [ 0.0, 0.0, 5.0, 0.5 ] },
						"west": { "texture": "#stringmaterial", "uv": [ 0.0, 0.0, 0.5, 0.5 ] },
						"up": { "texture": "#stringmaterial", "uv": [ 0.0, 0.0, 5.0, 0.5 ] },
						"down": { "texture": "#stringmaterial", "uv": [ 0.0, 0.0, 5.0, 0.5 ] }
					}
				},
				{
					"name": "Cube43",
					"from": [ 6.0, 0.0, 0.0 ], 
					"to": [ 8.5, 0.5, 0.5 ], 
					"rotationOrigin": [ 6.0, 0.0, 0.0 ],
					"faces": {
						"north": { "texture": "#stringmaterial", "uv": [ 0.0, 0.0, 2.5, 0.5 ] },
						"east": { "texture": "#stringmaterial", "uv": [ 0.0, 0.0, 0.5, 0.5 ] },
						"south": { "texture": "#stringmaterial", "uv": [ 0.0, 0.0, 2.5, 0.5 ] },
						"west": { "texture": "#stringmaterial", "uv": [ 0.0, 0.0, 0.5, 0.5 ] },
						"up": { "texture": "#stringmaterial", "uv": [ 0.0, 0.0, 2.5, 0.5 ] },
						"down": { "texture": "#stringmaterial", "uv": [ 0.0, 0.0, 2.5, 0.5 ] }
					}
				},
				{
					"name": "Cube44",
					"from": [ 8.5, 0.0, 0.3 ], 
					"to": [ 9.0, 0.5, 3.2 ], 
					"rotationOrigin": [ 8.5, 0.0, 0.3 ],
					"faces": {
						"north": { "texture": "#stringmaterial", "uv": [ 0.0, 0.0, 0.5, 0.5 ] },
						"east": { "texture": "#stringmaterial", "uv": [ 0.0, 0.0, 2.5, 0.5 ] },
						"south": { "texture": "#stringmaterial", "uv": [ 0.0, 0.0, 0.5, 0.5 ] },
						"west": { "texture": "#stringmaterial", "uv": [ 0.0, 0.0, 2.5, 0.5 ] },
						"up": { "texture": "#stringmaterial", "uv": [ 0.0, 0.0, 0.5, 2.5 ] },
						"down": { "texture": "#stringmaterial", "uv": [ 0.0, 0.0, 0.5, 2.5 ] }
					}
				},
				{
					"name": "Cube45",
					"from": [ 9.0, 0.0, 2.5 ], 
					"to": [ 9.5, 0.5, 7.5 ], 
					"rotationOrigin": [ 9.0, 0.0, 2.5 ],
					"faces": {
						"north": { "texture": "#stringmaterial", "uv": [ 0.0, 0.0, 0.5, 0.5 ] },
						"east": { "texture": "#stringmaterial", "uv": [ 0.0, 0.0, 5.0, 0.5 ] },
						"south": { "texture": "#stringmaterial", "uv": [ 0.0, 0.0, 0.5, 0.5 ] },
						"west": { "texture": "#stringmaterial", "uv": [ 0.0, 0.0, 5.0, 0.5 ] },
						"up": { "texture": "#stringmaterial", "uv": [ 0.0, 0.0, 0.5, 5.0 ] },
						"down": { "texture": "#stringmaterial", "uv": [ 0.0, 0.0, 0.5, 5.0 ] }
					}
				},
				{
					"name": "Cube46",
					"from": [ 8.5, 0.0, 7.0 ], 
					"to": [ 9.0, 0.5, 9.6 ], 
					"rotationOrigin": [ 8.5, 0.0, 7.0 ],
					"faces": {
						"north": { "texture": "#stringmaterial", "uv": [ 0.0, 0.0, 0.5, 0.5 ] },
						"east": { "texture": "#stringmaterial", "uv": [ 0.0, 0.0, 2.5, 0.5 ] },
						"south": { "texture": "#stringmaterial", "uv": [ 0.0, 0.0, 0.5, 0.5 ] },
						"west": { "texture": "#stringmaterial", "uv": [ 0.0, 0.0, 2.5, 0.5 ] },
						"up": { "texture": "#stringmaterial", "uv": [ 0.0, 0.0, 0.5, 2.5 ] },
						"down": { "texture": "#stringmaterial", "uv": [ 0.0, 0.0, 0.5, 2.5 ] }
					}
				},
				{
					"name": "Cube47",
					"from": [ 6.6, 0.0, 9.5 ], 
					"to": [ 8.7, 0.5, 10.0 ], 
					"rotationOrigin": [ 6.6, 0.0, 9.5 ],
					"faces": {
						"north": { "texture": "#stringmaterial", "uv": [ 0.0, 0.0, 2.0, 0.5 ] },
						"east": { "texture": "#stringmaterial", "uv": [ 0.0, 0.0, 0.5, 0.5 ] },
						"south": { "texture": "#stringmaterial", "uv": [ 0.0, 0.0, 2.0, 0.5 ] },
						"west": { "texture": "#stringmaterial", "uv": [ 0.0, 0.0, 0.5, 0.5 ] },
						"up": { "texture": "#stringmaterial", "uv": [ 0.0, 0.0, 2.0, 0.5 ] },
						"down": { "texture": "#stringmaterial", "uv": [ 0.0, 0.0, 2.0, 0.5 ] }
					}
				},
				{
					"name": "Cube48",
					"from": [ 1.4, 0.0, 10.0 ], 
					"to": [ 7.1, 0.5, 10.5 ], 
					"rotationOrigin": [ 1.4, 0.0, 10.0 ],
					"faces": {
						"north": { "texture": "#stringmaterial", "uv": [ 0.0, 0.0, 5.5, 0.5 ] },
						"east": { "texture": "#stringmaterial", "uv": [ 0.0, 0.0, 0.5, 0.5 ] },
						"south": { "texture": "#stringmaterial", "uv": [ 0.0, 0.0, 5.5, 0.5 ] },
						"west": { "texture": "#stringmaterial", "uv": [ 0.0, 0.0, 0.5, 0.5 ] },
						"up": { "texture": "#stringmaterial", "uv": [ 0.0, 0.0, 5.5, 0.5 ] },
						"down": { "texture": "#stringmaterial", "uv": [ 0.0, 0.0, 5.5, 0.5 ] }
					}
				},
				{
					"name": "Cube49",
					"from": [ -0.5, 0.0, 9.5 ], 
					"to": [ 2.0, 0.5, 10.0 ], 
					"rotationOrigin": [ -0.5, 0.0, 9.5 ],
					"faces": {
						"north": { "texture": "#stringmaterial", "uv": [ 0.0, 0.0, 2.5, 0.5 ] },
						"east": { "texture": "#stringmaterial", "uv": [ 0.0, 0.0, 0.5, 0.5 ] },
						"south": { "texture": "#stringmaterial", "uv": [ 0.0, 0.0, 2.5, 0.5 ] },
						"west": { "texture": "#stringmaterial", "uv": [ 0.0, 0.0, 0.5, 0.5 ] },
						"up": { "texture": "#stringmaterial", "uv": [ 0.0, 0.0, 2.5, 0.5 ] },
						"down": { "texture": "#stringmaterial", "uv": [ 0.0, 0.0, 2.5, 0.5 ] }
					}
				},
				{
					"name": "Cube50",
					"from": [ -0.7, 0.0, 7.0 ], 
					"to": [ -0.2, 0.5, 9.6 ], 
					"rotationOrigin": [ -0.7, 0.0, 7.0 ],
					"faces": {
						"north": { "texture": "#stringmaterial", "uv": [ 0.0, 0.0, 0.5, 0.5 ] },
						"east": { "texture": "#stringmaterial", "uv": [ 0.0, 0.0, 2.5, 0.5 ] },
						"south": { "texture": "#stringmaterial", "uv": [ 0.0, 0.0, 0.5, 0.5 ] },
						"west": { "texture": "#stringmaterial", "uv": [ 0.0, 0.0, 2.5, 0.5 ] },
						"up": { "texture": "#stringmaterial", "uv": [ 0.0, 0.0, 0.5, 2.5 ] },
						"down": { "texture": "#stringmaterial", "uv": [ 0.0, 0.0, 0.5, 2.5 ] }
					}
				},
				{
					"name": "Cube51",
					"from": [ -1.0, 0.0, 2.5 ], 
					"to": [ -0.5, 0.5, 7.5 ], 
					"rotationOrigin": [ -1.0, 0.0, 1.5 ],
					"faces": {
						"north": { "texture": "#stringmaterial", "uv": [ 0.0, 0.0, 0.5, 0.5 ] },
						"east": { "texture": "#stringmaterial", "uv": [ 0.0, 0.0, 5.0, 0.5 ] },
						"south": { "texture": "#stringmaterial", "uv": [ 0.0, 0.0, 0.5, 0.5 ] },
						"west": { "texture": "#stringmaterial", "uv": [ 0.0, 0.0, 5.0, 0.5 ] },
						"up": { "texture": "#stringmaterial", "uv": [ 0.0, 0.0, 0.5, 5.0 ] },
						"down": { "texture": "#stringmaterial", "uv": [ 0.0, 0.0, 0.5, 5.0 ] }
					}
				},
				{
					"name": "Cube52",
					"from": [ -0.5, 0.0, 0.3 ], 
					"to": [ 0.0, 0.5, 3.1 ], 
					"rotationOrigin": [ -0.5, 0.0, 0.3 ],
					"faces": {
						"north": { "texture": "#stringmaterial", "uv": [ 0.0, 0.0, 0.5, 0.5 ] },
						"east": { "texture": "#stringmaterial", "uv": [ 0.0, 0.0, 2.5, 0.5 ] },
						"south": { "texture": "#stringmaterial", "uv": [ 0.0, 0.0, 0.5, 0.5 ] },
						"west": { "texture": "#stringmaterial", "uv": [ 0.0, 0.0, 2.5, 0.5 ] },
						"up": { "texture": "#stringmaterial", "uv": [ 0.0, 0.0, 0.5, 2.5 ] },
						"down": { "texture": "#stringmaterial", "uv": [ 0.0, 0.0, 0.5, 2.5 ] }
					}
				}
			]
		},
		{
			"name": "Cube53",
			"from": [ 4.0, 9.2, 7.0 ], 
			"to": [ 6.2, 9.7, 7.5 ], 
			"rotationOrigin": [ 4.0, 8.2, 7.0 ],
			"rotationX": 67.5,
			"faces": {
				"north": { "texture": "#stringmaterial", "uv": [ 0.0, 0.0, 2.0, 0.5 ] },
				"east": { "texture": "#stringmaterial", "uv": [ 0.0, 0.0, 0.5, 0.5 ] },
				"south": { "texture": "#stringmaterial", "uv": [ 0.0, 0.0, 2.0, 0.5 ] },
				"west": { "texture": "#stringmaterial", "uv": [ 0.0, 0.0, 0.5, 0.5 ] },
				"up": { "texture": "#stringmaterial", "uv": [ 0.0, 0.0, 2.0, 0.5 ] },
				"down": { "texture": "#stringmaterial", "uv": [ 0.0, 0.0, 2.0, 0.5 ] }
			},
			"children": [
				{
					"name": "Cube53",
					"from": [ 1.5, 0.0, -0.5 ], 
					"to": [ 6.5, 0.5, 0.0 ], 
					"rotationOrigin": [ 1.5, 0.0, -0.5 ],
					"faces": {
						"north": { "texture": "#stringmaterial", "uv": [ 0.0, 0.0, 5.0, 0.5 ] },
						"east": { "texture": "#stringmaterial", "uv": [ 0.0, 0.0, 0.5, 0.5 ] },
						"south": { "texture": "#stringmaterial", "uv": [ 0.0, 0.0, 5.0, 0.5 ] },
						"west": { "texture": "#stringmaterial", "uv": [ 0.0, 0.0, 0.5, 0.5 ] },
						"up": { "texture": "#stringmaterial", "uv": [ 0.0, 0.0, 5.0, 0.5 ] },
						"down": { "texture": "#stringmaterial", "uv": [ 0.0, 0.0, 5.0, 0.5 ] }
					}
				},
				{
					"name": "Cube53",
					"from": [ 5.7, 0.0, 0.0 ], 
					"to": [ 8.2, 0.5, 0.5 ], 
					"rotationOrigin": [ 5.7, 0.0, 0.0 ],
					"faces": {
						"north": { "texture": "#stringmaterial", "uv": [ 0.0, 0.0, 2.5, 0.5 ] },
						"east": { "texture": "#stringmaterial", "uv": [ 0.0, 0.0, 0.5, 0.5 ] },
						"south": { "texture": "#stringmaterial", "uv": [ 0.0, 0.0, 2.5, 0.5 ] },
						"west": { "texture": "#stringmaterial", "uv": [ 0.0, 0.0, 0.5, 0.5 ] },
						"up": { "texture": "#stringmaterial", "uv": [ 0.0, 0.0, 2.5, 0.5 ] },
						"down": { "texture": "#stringmaterial", "uv": [ 0.0, 0.0, 2.5, 0.5 ] }
					}
				},
				{
					"name": "Cube53",
					"from": [ 8.0, 0.0, 0.3 ], 
					"to": [ 8.5, 0.5, 2.7 ], 
					"rotationOrigin": [ 8.0, 0.0, 0.3 ],
					"faces": {
						"north": { "texture": "#stringmaterial", "uv": [ 0.0, 0.0, 0.5, 0.5 ] },
						"east": { "texture": "#stringmaterial", "uv": [ 0.0, 0.0, 2.0, 0.5 ] },
						"south": { "texture": "#stringmaterial", "uv": [ 0.0, 0.0, 0.5, 0.5 ] },
						"west": { "texture": "#stringmaterial", "uv": [ 0.0, 0.0, 2.0, 0.5 ] },
						"up": { "texture": "#stringmaterial", "uv": [ 0.0, 0.0, 0.5, 2.0 ] },
						"down": { "texture": "#stringmaterial", "uv": [ 0.0, 0.0, 0.5, 2.0 ] }
					}
				},
				{
					"name": "Cube53",
					"from": [ 8.5, 0.0, 1.5 ], 
					"to": [ 9.0, 0.5, 6.5 ], 
					"rotationOrigin": [ 8.5, 0.0, 1.5 ],
					"faces": {
						"north": { "texture": "#stringmaterial", "uv": [ 0.0, 0.0, 0.5, 0.5 ] },
						"east": { "texture": "#stringmaterial", "uv": [ 0.0, 0.0, 5.0, 0.5 ] },
						"south": { "texture": "#stringmaterial", "uv": [ 0.0, 0.0, 0.5, 0.5 ] },
						"west": { "texture": "#stringmaterial", "uv": [ 0.0, 0.0, 5.0, 0.5 ] },
						"up": { "texture": "#stringmaterial", "uv": [ 0.0, 0.0, 0.5, 5.0 ] },
						"down": { "texture": "#stringmaterial", "uv": [ 0.0, 0.0, 0.5, 5.0 ] }
					}
				},
				{
					"name": "Cube53",
					"from": [ 8.0, 0.0, 6.0 ], 
					"to": [ 8.5, 0.5, 8.6 ], 
					"rotationOrigin": [ 8.0, 0.0, 6.0 ],
					"faces": {
						"north": { "texture": "#stringmaterial", "uv": [ 0.0, 0.0, 0.5, 0.5 ] },
						"east": { "texture": "#stringmaterial", "uv": [ 0.0, 0.0, 2.5, 0.5 ] },
						"south": { "texture": "#stringmaterial", "uv": [ 0.0, 0.0, 0.5, 0.5 ] },
						"west": { "texture": "#stringmaterial", "uv": [ 0.0, 0.0, 2.5, 0.5 ] },
						"up": { "texture": "#stringmaterial", "uv": [ 0.0, 0.0, 0.5, 2.5 ] },
						"down": { "texture": "#stringmaterial", "uv": [ 0.0, 0.0, 0.5, 2.5 ] }
					}
				},
				{
					"name": "Cube53",
					"from": [ 6.0, 0.0, 8.5 ], 
					"to": [ 8.1, 0.5, 9.0 ], 
					"rotationOrigin": [ 6.0, 0.0, 8.5 ],
					"faces": {
						"north": { "texture": "#stringmaterial", "uv": [ 0.0, 0.0, 2.0, 0.5 ] },
						"east": { "texture": "#stringmaterial", "uv": [ 0.0, 0.0, 0.5, 0.5 ] },
						"south": { "texture": "#stringmaterial", "uv": [ 0.0, 0.0, 2.0, 0.5 ] },
						"west": { "texture": "#stringmaterial", "uv": [ 0.0, 0.0, 0.5, 0.5 ] },
						"up": { "texture": "#stringmaterial", "uv": [ 0.0, 0.0, 2.0, 0.5 ] },
						"down": { "texture": "#stringmaterial", "uv": [ 0.0, 0.0, 2.0, 0.5 ] }
					}
				},
				{
					"name": "Cube53",
					"from": [ 1.6, 0.0, 9.0 ], 
					"to": [ 6.6, 0.5, 9.5 ], 
					"rotationOrigin": [ 1.6, 0.0, 9.0 ],
					"faces": {
						"north": { "texture": "#stringmaterial", "uv": [ 0.0, 0.0, 5.0, 0.5 ] },
						"east": { "texture": "#stringmaterial", "uv": [ 0.0, 0.0, 0.5, 0.5 ] },
						"south": { "texture": "#stringmaterial", "uv": [ 0.0, 0.0, 5.0, 0.5 ] },
						"west": { "texture": "#stringmaterial", "uv": [ 0.0, 0.0, 0.5, 0.5 ] },
						"up": { "texture": "#stringmaterial", "uv": [ 0.0, 0.0, 5.0, 0.5 ] },
						"down": { "texture": "#stringmaterial", "uv": [ 0.0, 0.0, 5.0, 0.5 ] }
					}
				},
				{
					"name": "Cube53",
					"from": [ -0.5, 0.0, 8.5 ], 
					"to": [ 2.5, 0.5, 9.0 ], 
					"rotationOrigin": [ -0.5, 0.0, 8.5 ],
					"faces": {
						"north": { "texture": "#stringmaterial", "uv": [ 0.0, 0.0, 3.0, 0.5 ] },
						"east": { "texture": "#stringmaterial", "uv": [ 0.0, 0.0, 0.5, 0.5 ] },
						"south": { "texture": "#stringmaterial", "uv": [ 0.0, 0.0, 3.0, 0.5 ] },
						"west": { "texture": "#stringmaterial", "uv": [ 0.0, 0.0, 0.5, 0.5 ] },
						"up": { "texture": "#stringmaterial", "uv": [ 0.0, 0.0, 3.0, 0.5 ] },
						"down": { "texture": "#stringmaterial", "uv": [ 0.0, 0.0, 3.0, 0.5 ] }
					}
				},
				{
					"name": "Cube53",
					"from": [ -0.7, 0.0, 6.0 ], 
					"to": [ -0.2, 0.5, 8.6 ], 
					"rotationOrigin": [ -0.7, 0.0, 6.0 ],
					"faces": {
						"north": { "texture": "#stringmaterial", "uv": [ 0.0, 0.0, 0.5, 0.5 ] },
						"east": { "texture": "#stringmaterial", "uv": [ 0.0, 0.0, 2.5, 0.5 ] },
						"south": { "texture": "#stringmaterial", "uv": [ 0.0, 0.0, 0.5, 0.5 ] },
						"west": { "texture": "#stringmaterial", "uv": [ 0.0, 0.0, 2.5, 0.5 ] },
						"up": { "texture": "#stringmaterial", "uv": [ 0.0, 0.0, 0.5, 2.5 ] },
						"down": { "texture": "#stringmaterial", "uv": [ 0.0, 0.0, 0.5, 2.5 ] }
					}
				},
				{
					"name": "Cube53",
					"from": [ -1.0, 0.0, 2.5 ], 
					"to": [ -0.5, 0.5, 6.5 ], 
					"rotationOrigin": [ -1.0, 0.0, 1.5 ],
					"faces": {
						"north": { "texture": "#stringmaterial", "uv": [ 0.0, 0.0, 0.5, 0.5 ] },
						"east": { "texture": "#stringmaterial", "uv": [ 0.0, 0.0, 4.0, 0.5 ] },
						"south": { "texture": "#stringmaterial", "uv": [ 0.0, 0.0, 0.5, 0.5 ] },
						"west": { "texture": "#stringmaterial", "uv": [ 0.0, 0.0, 4.0, 0.5 ] },
						"up": { "texture": "#stringmaterial", "uv": [ 0.0, 0.0, 0.5, 4.0 ] },
						"down": { "texture": "#stringmaterial", "uv": [ 0.0, 0.0, 0.5, 4.0 ] }
					}
				},
				{
					"name": "Cube53",
					"from": [ -0.5, 0.0, 0.3 ], 
					"to": [ 0.0, 0.5, 3.1 ], 
					"rotationOrigin": [ -0.5, 0.0, 0.3 ],
					"faces": {
						"north": { "texture": "#stringmaterial", "uv": [ 0.0, 0.0, 0.5, 0.5 ] },
						"east": { "texture": "#stringmaterial", "uv": [ 0.0, 0.0, 2.5, 0.5 ] },
						"south": { "texture": "#stringmaterial", "uv": [ 0.0, 0.0, 0.5, 0.5 ] },
						"west": { "texture": "#stringmaterial", "uv": [ 0.0, 0.0, 2.5, 0.5 ] },
						"up": { "texture": "#stringmaterial", "uv": [ 0.0, 0.0, 0.5, 2.5 ] },
						"down": { "texture": "#stringmaterial", "uv": [ 0.0, 0.0, 0.5, 2.5 ] }
					}
				}
			]
		},
		{
			"name": "Cube1",
			"from": [ 9.2, 3.6, 4.85 ], 
			"to": [ 10.2, 4.6, 5.85 ], 
			"rotationOrigin": [ 9.2, 3.6, 4.1 ],
			"rotationY": -90.0,
			"faces": {
				"north": { "texture": "#baitmaterial", "uv": [ 0.0, 0.0, 1.0, 1.0 ] },
				"east": { "texture": "#baitmaterial", "uv": [ 0.0, 0.0, 1.0, 1.0 ] },
				"south": { "texture": "#baitmaterial", "uv": [ 0.0, 0.0, 1.0, 1.0 ] },
				"west": { "texture": "#baitmaterial", "uv": [ 0.0, 0.0, 1.0, 1.0 ] },
				"up": { "texture": "#baitmaterial", "uv": [ 0.0, 0.0, 1.0, 1.0 ] },
				"down": { "texture": "#baitmaterial", "uv": [ 0.0, 0.0, 1.0, 1.0 ] }
			},
			"children": [
				{
					"name": "Cube8",
					"from": [ -0.25, 0.25, 0.25 ], 
					"to": [ 0.0, 0.75, 0.75 ], 
					"rotationOrigin": [ 0.0, 0.0, -0.75 ],
					"faces": {
						"north": { "texture": "#baitmaterial", "uv": [ 0.0, 0.0, 0.5, 0.5 ] },
						"east": { "texture": "#baitmaterial", "uv": [ 0.0, 0.0, 0.5, 0.5 ] },
						"south": { "texture": "#baitmaterial", "uv": [ 0.0, 0.0, 0.5, 0.5 ] },
						"west": { "texture": "#baitmaterial", "uv": [ 0.0, 0.0, 0.5, 0.5 ] },
						"up": { "texture": "#baitmaterial", "uv": [ 0.0, 0.0, 0.5, 0.5 ] },
						"down": { "texture": "#baitmaterial", "uv": [ 0.0, 0.0, 0.5, 0.5 ] }
					}
				},
				{
					"name": "Cube9",
					"from": [ 1.5, 0.15, 0.35 ], 
					"to": [ 1.75, 0.65, 0.85 ], 
					"rotationOrigin": [ 1.5, -0.1, -0.65 ],
					"faces": {
						"north": { "texture": "#baitmaterial", "uv": [ 0.0, 0.0, 0.5, 0.5 ] },
						"east": { "texture": "#baitmaterial", "uv": [ 0.0, 0.0, 0.5, 0.5 ] },
						"south": { "texture": "#baitmaterial", "uv": [ 0.0, 0.0, 0.5, 0.5 ] },
						"west": { "texture": "#baitmaterial", "uv": [ 0.0, 0.0, 0.5, 0.5 ] },
						"up": { "texture": "#baitmaterial", "uv": [ 0.0, 0.0, 0.5, 0.5 ] },
						"down": { "texture": "#baitmaterial", "uv": [ 0.0, 0.0, 0.5, 0.5 ] }
					}
				},
				{
					"name": "Cube10",
					"from": [ 0.25, -0.25, 0.25 ], 
					"to": [ 0.75, 0.0, 0.75 ], 
					"rotationOrigin": [ 1.0, 0.0, -0.75 ],
					"faces": {
						"north": { "texture": "#baitmaterial", "uv": [ 0.0, 0.0, 0.5, 0.5 ] },
						"east": { "texture": "#baitmaterial", "uv": [ 0.0, 0.0, 0.5, 0.5 ] },
						"south": { "texture": "#baitmaterial", "uv": [ 0.0, 0.0, 0.5, 0.5 ] },
						"west": { "texture": "#baitmaterial", "uv": [ 0.0, 0.0, 0.5, 0.5 ] },
						"up": { "texture": "#baitmaterial", "uv": [ 0.0, 0.0, 0.5, 0.5 ] },
						"down": { "texture": "#baitmaterial", "uv": [ 0.0, 0.0, 0.5, 0.5 ] }
					}
				},
				{
					"name": "Cube11",
					"from": [ 0.25, 1.0, 0.25 ], 
					"to": [ 0.75, 1.25, 0.75 ], 
					"rotationOrigin": [ 1.0, 1.0, -0.75 ],
					"faces": {
						"north": { "texture": "#baitmaterial", "uv": [ 0.0, 0.0, 0.5, 0.5 ] },
						"east": { "texture": "#baitmaterial", "uv": [ 0.0, 0.0, 0.5, 0.5 ] },
						"south": { "texture": "#baitmaterial", "uv": [ 0.0, 0.0, 0.5, 0.5 ] },
						"west": { "texture": "#baitmaterial", "uv": [ 0.0, 0.0, 0.5, 0.5 ] },
						"up": { "texture": "#baitmaterial", "uv": [ 0.0, 0.0, 0.5, 0.5 ] },
						"down": { "texture": "#baitmaterial", "uv": [ 0.0, 0.0, 0.5, 0.5 ] }
					}
				},
				{
					"name": "Cube12",
					"from": [ 0.15, 0.35, 1.0 ], 
					"to": [ 0.65, 0.85, 1.25 ], 
					"rotationOrigin": [ 0.9, 0.1, 0.25 ],
					"faces": {
						"north": { "texture": "#baitmaterial", "uv": [ 0.0, 0.0, 0.5, 0.5 ] },
						"east": { "texture": "#baitmaterial", "uv": [ 0.0, 0.0, 0.5, 0.5 ] },
						"south": { "texture": "#baitmaterial", "uv": [ 0.0, 0.0, 0.5, 0.5 ] },
						"west": { "texture": "#baitmaterial", "uv": [ 0.0, 0.0, 0.5, 0.5 ] },
						"up": { "texture": "#baitmaterial", "uv": [ 0.0, 0.0, 0.5, 0.5 ] },
						"down": { "texture": "#baitmaterial", "uv": [ 0.0, 0.0, 0.5, 0.5 ] }
					}
				},
				{
					"name": "Cube13",
					"from": [ 0.35, 0.15, -0.25 ], 
					"to": [ 0.85, 0.65, 0.0 ], 
					"rotationOrigin": [ 1.1, -0.1, -0.75 ],
					"faces": {
						"north": { "texture": "#baitmaterial", "uv": [ 0.0, 0.0, 0.5, 0.5 ] },
						"east": { "texture": "#baitmaterial", "uv": [ 0.0, 0.0, 0.5, 0.5 ] },
						"south": { "texture": "#baitmaterial", "uv": [ 0.0, 0.0, 0.5, 0.5 ] },
						"west": { "texture": "#baitmaterial", "uv": [ 0.0, 0.0, 0.5, 0.5 ] },
						"up": { "texture": "#baitmaterial", "uv": [ 0.0, 0.0, 0.5, 0.5 ] },
						"down": { "texture": "#baitmaterial", "uv": [ 0.0, 0.0, 0.5, 0.5 ] }
					}
				},
				{
					"name": "Cube14",
					"from": [ 1.0, 0.25, 0.25 ], 
					"to": [ 1.25, 0.85, 0.85 ], 
					"rotationOrigin": [ 1.0, 0.0, -0.75 ],
					"faces": {
						"north": { "texture": "#baitmaterial", "uv": [ 0.0, 0.0, 0.5, 0.5 ] },
						"east": { "texture": "#baitmaterial", "uv": [ 0.0, 0.0, 0.5, 0.5 ] },
						"south": { "texture": "#baitmaterial", "uv": [ 0.0, 0.0, 0.5, 0.5 ] },
						"west": { "texture": "#baitmaterial", "uv": [ 0.0, 0.0, 0.5, 0.5 ] },
						"up": { "texture": "#baitmaterial", "uv": [ 0.0, 0.0, 0.5, 0.5 ] },
						"down": { "texture": "#baitmaterial", "uv": [ 0.0, 0.0, 0.5, 0.5 ] }
					}
				},
				{
					"name": "Cube15",
					"from": [ 1.2, 0.15, 0.15 ], 
					"to": [ 1.55, 0.75, 0.75 ], 
					"rotationOrigin": [ 1.2, -0.1, -0.85 ],
					"faces": {
						"north": { "texture": "#baitmaterial", "uv": [ 0.0, 0.0, 0.5, 0.5 ] },
						"east": { "texture": "#baitmaterial", "uv": [ 0.0, 0.0, 0.5, 0.5 ] },
						"south": { "texture": "#baitmaterial", "uv": [ 0.0, 0.0, 0.5, 0.5 ] },
						"west": { "texture": "#baitmaterial", "uv": [ 0.0, 0.0, 0.5, 0.5 ] },
						"up": { "texture": "#baitmaterial", "uv": [ 0.0, 0.0, 0.5, 0.5 ] },
						"down": { "texture": "#baitmaterial", "uv": [ 0.0, 0.0, 0.5, 0.5 ] }
					}
				},
				{
					"name": "Cube16",
					"from": [ 1.7, 0.25, 0.55 ], 
					"to": [ 1.95, 0.75, 1.05 ], 
					"rotationOrigin": [ 1.7, 0.0, -0.45 ],
					"faces": {
						"north": { "texture": "#baitmaterial", "uv": [ 0.0, 0.0, 0.5, 0.5 ] },
						"east": { "texture": "#baitmaterial", "uv": [ 0.0, 0.0, 0.5, 0.5 ] },
						"south": { "texture": "#baitmaterial", "uv": [ 0.0, 0.0, 0.5, 0.5 ] },
						"west": { "texture": "#baitmaterial", "uv": [ 0.0, 0.0, 0.5, 0.5 ] },
						"up": { "texture": "#baitmaterial", "uv": [ 0.0, 0.0, 0.5, 0.5 ] },
						"down": { "texture": "#baitmaterial", "uv": [ 0.0, 0.0, 0.5, 0.5 ] }
					}
				}
			]
		}
	]}