{
	"editor": {
		"allAngles": false,
		"entityTextureMode": false
	},
	"textureWidth": 16,
	"textureHeight": 16,
	"textureSizes": {
	},
	"textures": {
	},
	"elements": [
		{
			"name": "origin",
			"from": [ 16.0, -0.5, 8.0 ], 
			"to": [ 16.0, -0.5, 8.0 ], 
			"rotationOrigin": [ 8.0, -1.5, 8.0 ],
			"rotationY": 90.0,
			"faces": {
				"north": { "texture": "#stringmaterial", "uv": [ 0.0, 0.0, 0.5, 0.5 ], "enabled": false },
				"east": { "texture": "#stringmaterial", "uv": [ 0.0, 0.0, 0.5, 0.5 ], "enabled": false },
				"south": { "texture": "#stringmaterial", "uv": [ 0.0, 0.0, 0.5, 0.5 ], "enabled": false },
				"west": { "texture": "#stringmaterial", "uv": [ 0.0, 0.0, 0.5, 0.5 ], "enabled": false },
				"up": { "texture": "#stringmaterial", "uv": [ 0.0, 0.0, 0.5, 0.5 ], "enabled": false },
				"down": { "texture": "#stringmaterial", "uv": [ 0.0, 0.0, 0.5, 0.5 ], "enabled": false }
			},
			"children": [
				{
					"name": "body1",
					"from": [ -16.0, 1.0, 6.18 ], 
					"to": [ 0.0, 1.25, 6.43 ], 
					"rotationOrigin": [ -14.0, 0.9, 6.9 ],
					"faces": {
						"north": { "texture": "#stringmaterial", "uv": [ 5.0, 6.0, 21.0, 6.5 ] },
						"east": { "texture": "#stringmaterial", "uv": [ 2.0, 5.0, 2.5, 5.5 ] },
						"south": { "texture": "#stringmaterial", "uv": [ 4.5, 10.5, 20.5, 11.0 ] },
						"west": { "texture": "#stringmaterial", "uv": [ 2.0, 6.0, 2.5, 6.5 ] },
						"up": { "texture": "#stringmaterial", "uv": [ 4.0, 0.0, 4.5, 16.0 ], "rotation": 90 },
						"down": { "texture": "#stringmaterial", "uv": [ 0.0, 3.0, 16.0, 3.5 ] }
					}
				},
				{
					"name": "Cube1",
					"from": [ -15.6, 1.2, -7.3 ], 
					"to": [ -11.2, 1.6, 7.2 ], 
					"rotationOrigin": [ -16.4, 1.2, -7.02 ],
					"faces": {
						"north": { "texture": "#null", "uv": [ 0.0, 0.0, 4.0, 0.5 ] },
						"east": { "texture": "#null", "uv": [ 0.0, 0.0, 14.5, 0.5 ] },
						"south": { "texture": "#null", "uv": [ 0.0, 0.0, 4.0, 0.5 ] },
						"west": { "texture": "#null", "uv": [ 0.0, 0.0, 14.5, 0.5 ] },
						"up": { "texture": "#null", "uv": [ 0.0, 0.0, 4.0, 14.5 ] },
						"down": { "texture": "#null", "uv": [ 0.0, 0.0, 4.0, 14.5 ] }
					}
				},
				{
					"name": "body7",
					"from": [ -16.0, 1.0, -6.52 ], 
					"to": [ 0.0, 1.25, -6.27 ], 
					"rotationOrigin": [ -14.0, 0.9, -5.8 ],
					"faces": {
						"north": { "texture": "#stringmaterial", "uv": [ 5.0, 6.0, 21.0, 6.5 ] },
						"east": { "texture": "#stringmaterial", "uv": [ 2.0, 5.0, 2.5, 5.5 ] },
						"south": { "texture": "#stringmaterial", "uv": [ 4.5, 10.5, 20.5, 11.0 ] },
						"west": { "texture": "#stringmaterial", "uv": [ 2.0, 6.0, 2.5, 6.5 ] },
						"up": { "texture": "#stringmaterial", "uv": [ 4.0, 0.0, 4.5, 16.0 ], "rotation": 90 },
						"down": { "texture": "#stringmaterial", "uv": [ 0.0, 3.0, 16.0, 3.5 ] }
					}
				},
				{
					"name": "Cube5",
					"from": [ -10.2, 1.2, -7.3 ], 
					"to": [ -5.8, 1.6, 7.2 ], 
					"rotationOrigin": [ -11.0, 1.2, -7.02 ],
					"faces": {
						"north": { "texture": "#null", "uv": [ 0.0, 0.0, 4.0, 0.5 ] },
						"east": { "texture": "#null", "uv": [ 0.0, 0.0, 14.5, 0.5 ] },
						"south": { "texture": "#null", "uv": [ 0.0, 0.0, 4.0, 0.5 ] },
						"west": { "texture": "#null", "uv": [ 0.0, 0.0, 14.5, 0.5 ] },
						"up": { "texture": "#null", "uv": [ 0.0, 0.0, 4.0, 14.5 ] },
						"down": { "texture": "#null", "uv": [ 0.0, 0.0, 4.0, 14.5 ] }
					}
				},
				{
					"name": "Cube6",
					"from": [ -4.8, 1.2, -7.3 ], 
					"to": [ -0.4, 1.6, 7.2 ], 
					"rotationOrigin": [ -5.6, 1.2, -7.02 ],
					"rotationY": -0.019793885854091132,
					"faces": {
						"north": { "texture": "#null", "uv": [ 0.0, 0.0, 4.0, 0.5 ] },
						"east": { "texture": "#null", "uv": [ 0.0, 0.0, 14.5, 0.5 ] },
						"south": { "texture": "#null", "uv": [ 0.0, 0.0, 4.0, 0.5 ] },
						"west": { "texture": "#null", "uv": [ 0.0, 0.0, 14.5, 0.5 ] },
						"up": { "texture": "#null", "uv": [ 0.0, 0.0, 4.0, 14.5 ] },
						"down": { "texture": "#null", "uv": [ 0.0, 0.0, 4.0, 14.5 ] }
					}
				}
			]
		}
	]}