{
	"editor": {
		"allAngles": true,
		"entityTextureMode": false
	},
	"textureWidth": 16,
	"textureHeight": 16,
	"textureSizes": {
	},
	"textures": {
	},
	"elements": [
		{
			"name": "Cube1",
			"from": [ 7.0, -1.0, 1.0 ], 
			"to": [ 7.0, -1.0, 1.0 ], 
			"rotationOrigin": [ 8.0, -1.0, 1.0 ],
			"rotationX": 17.0,
			"rotationY": 17.0,
			"faces": {
				"north": { "texture": "#stringmaterial", "uv": [ 0.0, 0.0, 0.5, 0.5 ] },
				"east": { "texture": "#stringmaterial", "uv": [ 0.0, 0.0, 0.5, 0.5 ] },
				"south": { "texture": "#stringmaterial", "uv": [ 0.0, 0.0, 0.5, 0.5 ] },
				"west": { "texture": "#stringmaterial", "uv": [ 0.0, 0.0, 0.5, 0.5 ] },
				"up": { "texture": "#stringmaterial", "uv": [ 0.0, 0.0, 0.5, 0.5 ] },
				"down": { "texture": "#stringmaterial", "uv": [ 0.0, 0.0, 0.5, 0.5 ] }
			},
			"children": [
				{
					"name": "Cube2",
					"from": [ 1.0, 4.2, 3.0 ], 
					"to": [ 3.0, 4.7, 3.5 ], 
					"rotationOrigin": [ 2.0, 5.2, 0.0 ],
					"rotationZ": 12.0,
					"faces": {
						"north": { "texture": "#stringmaterial", "uv": [ 0.0, 0.0, 2.0, 0.5 ] },
						"east": { "texture": "#stringmaterial", "uv": [ 0.0, 0.0, 0.5, 0.5 ] },
						"south": { "texture": "#stringmaterial", "uv": [ 0.0, 0.0, 2.0, 0.5 ] },
						"west": { "texture": "#stringmaterial", "uv": [ 0.0, 0.0, 0.5, 0.5 ] },
						"up": { "texture": "#stringmaterial", "uv": [ 0.0, 0.0, 2.0, 0.5 ] },
						"down": { "texture": "#stringmaterial", "uv": [ 0.0, 0.0, 2.0, 0.5 ] }
					}
				},
				{
					"name": "Cube3",
					"from": [ -1.3, 4.0, 3.0 ], 
					"to": [ 1.2, 4.5, 3.5 ], 
					"rotationOrigin": [ -0.3, 5.0, 0.0 ],
					"faces": {
						"north": { "texture": "#stringmaterial", "uv": [ 0.0, 0.0, 2.5, 0.5 ] },
						"east": { "texture": "#stringmaterial", "uv": [ 0.0, 0.0, 0.5, 0.5 ] },
						"south": { "texture": "#stringmaterial", "uv": [ 0.0, 0.0, 2.5, 0.5 ] },
						"west": { "texture": "#stringmaterial", "uv": [ 0.0, 0.0, 0.5, 0.5 ] },
						"up": { "texture": "#stringmaterial", "uv": [ 0.0, 0.0, 2.5, 0.5 ] },
						"down": { "texture": "#stringmaterial", "uv": [ 0.0, 0.0, 2.5, 0.5 ] }
					}
				},
				{
					"name": "Cube4",
					"from": [ -3.0, 4.3, 3.0 ], 
					"to": [ -1.0, 4.8, 3.5 ], 
					"rotationOrigin": [ -2.0, 5.3, 0.0 ],
					"rotationZ": -12.0,
					"faces": {
						"north": { "texture": "#stringmaterial", "uv": [ 0.0, 0.0, 2.0, 0.5 ] },
						"east": { "texture": "#stringmaterial", "uv": [ 0.0, 0.0, 0.5, 0.5 ] },
						"south": { "texture": "#stringmaterial", "uv": [ 0.0, 0.0, 2.0, 0.5 ] },
						"west": { "texture": "#stringmaterial", "uv": [ 0.0, 0.0, 0.5, 0.5 ] },
						"up": { "texture": "#stringmaterial", "uv": [ 0.0, 0.0, 2.0, 0.5 ] },
						"down": { "texture": "#stringmaterial", "uv": [ 0.0, 0.0, 2.0, 0.5 ] }
					}
				},
				{
					"name": "Cube5",
					"from": [ -4.1, 4.9, 3.0 ], 
					"to": [ -2.1, 5.4, 3.5 ], 
					"rotationOrigin": [ -3.1, 5.9, 0.0 ],
					"rotationZ": -45.0,
					"faces": {
						"north": { "texture": "#stringmaterial", "uv": [ 0.0, 0.0, 2.0, 0.5 ] },
						"east": { "texture": "#stringmaterial", "uv": [ 0.0, 0.0, 0.5, 0.5 ] },
						"south": { "texture": "#stringmaterial", "uv": [ 0.0, 0.0, 2.0, 0.5 ] },
						"west": { "texture": "#stringmaterial", "uv": [ 0.0, 0.0, 0.5, 0.5 ] },
						"up": { "texture": "#stringmaterial", "uv": [ 0.0, 0.0, 2.0, 0.5 ] },
						"down": { "texture": "#stringmaterial", "uv": [ 0.0, 0.0, 2.0, 0.5 ] }
					}
				},
				{
					"name": "Cube8",
					"from": [ -4.9, 6.0, 3.0 ], 
					"to": [ -4.4, 8.5, 3.5 ], 
					"rotationOrigin": [ -3.9, 7.0, 0.0 ],
					"rotationZ": 22.5,
					"faces": {
						"north": { "texture": "#stringmaterial", "uv": [ 0.0, 0.0, 0.5, 2.5 ] },
						"east": { "texture": "#stringmaterial", "uv": [ 0.0, 0.0, 0.5, 2.5 ] },
						"south": { "texture": "#stringmaterial", "uv": [ 0.0, 0.0, 0.5, 2.5 ] },
						"west": { "texture": "#stringmaterial", "uv": [ 0.0, 0.0, 0.5, 2.5 ] },
						"up": { "texture": "#stringmaterial", "uv": [ 0.0, 0.0, 0.5, 0.5 ] },
						"down": { "texture": "#stringmaterial", "uv": [ 0.0, 0.0, 0.5, 0.5 ] }
					}
				},
				{
					"name": "Cube9",
					"from": [ -5.4, 8.0, 3.0 ], 
					"to": [ -4.9, 10.0, 3.5 ], 
					"rotationOrigin": [ -4.4, 9.0, 0.0 ],
					"faces": {
						"north": { "texture": "#stringmaterial", "uv": [ 0.0, 0.0, 0.5, 2.0 ] },
						"east": { "texture": "#stringmaterial", "uv": [ 0.0, 0.0, 0.5, 2.0 ] },
						"south": { "texture": "#stringmaterial", "uv": [ 0.0, 0.0, 0.5, 2.0 ] },
						"west": { "texture": "#stringmaterial", "uv": [ 0.0, 0.0, 0.5, 2.0 ] },
						"up": { "texture": "#stringmaterial", "uv": [ 0.0, 0.0, 0.5, 0.5 ] },
						"down": { "texture": "#stringmaterial", "uv": [ 0.0, 0.0, 0.5, 0.5 ] }
					}
				},
				{
					"name": "Cube10",
					"from": [ -5.1, 9.5, 3.0 ], 
					"to": [ -4.6, 12.5, 3.5 ], 
					"rotationOrigin": [ -4.1, 10.5, 0.0 ],
					"rotationZ": -22.5,
					"faces": {
						"north": { "texture": "#stringmaterial", "uv": [ 0.0, 0.0, 0.5, 3.0 ] },
						"east": { "texture": "#stringmaterial", "uv": [ 0.0, 0.0, 0.5, 3.0 ] },
						"south": { "texture": "#stringmaterial", "uv": [ 0.0, 0.0, 0.5, 3.0 ] },
						"west": { "texture": "#stringmaterial", "uv": [ 0.0, 0.0, 0.5, 3.0 ] },
						"up": { "texture": "#stringmaterial", "uv": [ 0.0, 0.0, 0.5, 0.5 ] },
						"down": { "texture": "#stringmaterial", "uv": [ 0.0, 0.0, 0.5, 0.5 ] }
					}
				},
				{
					"name": "Cube11",
					"from": [ -3.8, 11.7, 3.0 ], 
					"to": [ -3.3, 13.0, 3.5 ], 
					"rotationOrigin": [ -2.8, 12.7, 0.0 ],
					"rotationZ": -45.0,
					"faces": {
						"north": { "texture": "#stringmaterial", "uv": [ 0.0, 0.0, 0.5, 1.0 ] },
						"east": { "texture": "#stringmaterial", "uv": [ 0.0, 0.0, 0.5, 1.0 ] },
						"south": { "texture": "#stringmaterial", "uv": [ 0.0, 0.0, 0.5, 1.0 ] },
						"west": { "texture": "#stringmaterial", "uv": [ 0.0, 0.0, 0.5, 1.0 ] },
						"up": { "texture": "#stringmaterial", "uv": [ 0.0, 0.0, 0.5, 0.5 ] },
						"down": { "texture": "#stringmaterial", "uv": [ 0.0, 0.0, 0.5, 0.5 ] }
					}
				},
				{
					"name": "Cube14",
					"from": [ -3.5, 13.2, 3.0 ], 
					"to": [ -0.8, 13.7, 3.5 ], 
					"rotationOrigin": [ -2.5, 14.2, 0.0 ],
					"rotationZ": 12.0,
					"faces": {
						"north": { "texture": "#stringmaterial", "uv": [ 0.0, 0.0, 2.5, 0.5 ] },
						"east": { "texture": "#stringmaterial", "uv": [ 0.0, 0.0, 0.5, 0.5 ] },
						"south": { "texture": "#stringmaterial", "uv": [ 0.0, 0.0, 2.5, 0.5 ] },
						"west": { "texture": "#stringmaterial", "uv": [ 0.0, 0.0, 0.5, 0.5 ] },
						"up": { "texture": "#stringmaterial", "uv": [ 0.0, 0.0, 2.5, 0.5 ] },
						"down": { "texture": "#stringmaterial", "uv": [ 0.0, 0.0, 2.5, 0.5 ] }
					}
				},
				{
					"name": "Cube15",
					"from": [ -1.5, 13.5, 3.0 ], 
					"to": [ 0.7, 14.0, 4.0 ], 
					"rotationOrigin": [ -0.5, 14.5, 0.0 ],
					"faces": {
						"north": { "texture": "#stringmaterial", "uv": [ 0.0, 0.0, 2.0, 0.5 ] },
						"east": { "texture": "#stringmaterial", "uv": [ 0.0, 0.0, 1.0, 0.5 ] },
						"south": { "texture": "#stringmaterial", "uv": [ 0.0, 0.0, 2.0, 0.5 ] },
						"west": { "texture": "#stringmaterial", "uv": [ 0.0, 0.0, 1.0, 0.5 ] },
						"up": { "texture": "#stringmaterial", "uv": [ 0.0, 0.0, 2.0, 1.0 ] },
						"down": { "texture": "#stringmaterial", "uv": [ 0.0, 0.0, 2.0, 1.0 ] }
					}
				},
				{
					"name": "Cube16",
					"from": [ 0.7, 13.3, 3.0 ], 
					"to": [ 3.6, 13.8, 3.5 ], 
					"rotationOrigin": [ 1.7, 14.3, 0.0 ],
					"rotationZ": -12.0,
					"faces": {
						"north": { "texture": "#stringmaterial", "uv": [ 0.0, 0.0, 2.5, 0.5 ] },
						"east": { "texture": "#stringmaterial", "uv": [ 0.0, 0.0, 0.5, 0.5 ] },
						"south": { "texture": "#stringmaterial", "uv": [ 0.0, 0.0, 2.5, 0.5 ] },
						"west": { "texture": "#stringmaterial", "uv": [ 0.0, 0.0, 0.5, 0.5 ] },
						"up": { "texture": "#stringmaterial", "uv": [ 0.0, 0.0, 2.5, 0.5 ] },
						"down": { "texture": "#stringmaterial", "uv": [ 0.0, 0.0, 2.5, 0.5 ] }
					}
				},
				{
					"name": "Cube17",
					"from": [ 3.0, 12.5, 3.0 ], 
					"to": [ 3.5, 14.0, 3.5 ], 
					"rotationOrigin": [ 4.0, 13.5, 0.0 ],
					"rotationZ": 45.0,
					"faces": {
						"north": { "texture": "#stringmaterial", "uv": [ 0.0, 0.0, 0.5, 1.5 ] },
						"east": { "texture": "#stringmaterial", "uv": [ 0.0, 0.0, 0.5, 1.5 ] },
						"south": { "texture": "#stringmaterial", "uv": [ 0.0, 0.0, 0.5, 1.5 ] },
						"west": { "texture": "#stringmaterial", "uv": [ 0.0, 0.0, 0.5, 1.5 ] },
						"up": { "texture": "#stringmaterial", "uv": [ 0.0, 0.0, 0.5, 0.5 ] },
						"down": { "texture": "#stringmaterial", "uv": [ 0.0, 0.0, 0.5, 0.5 ] }
					}
				},
				{
					"name": "Cube20",
					"from": [ 4.5, 10.1, 3.0 ], 
					"to": [ 5.0, 12.8, 3.5 ], 
					"rotationOrigin": [ 5.5, 11.1, 0.0 ],
					"rotationZ": 22.5,
					"faces": {
						"north": { "texture": "#stringmaterial", "uv": [ 0.0, 0.0, 0.5, 2.5 ] },
						"east": { "texture": "#stringmaterial", "uv": [ 0.0, 0.0, 0.5, 2.5 ] },
						"south": { "texture": "#stringmaterial", "uv": [ 0.0, 0.0, 0.5, 2.5 ] },
						"west": { "texture": "#stringmaterial", "uv": [ 0.0, 0.0, 0.5, 2.5 ] },
						"up": { "texture": "#stringmaterial", "uv": [ 0.0, 0.0, 0.5, 0.5 ] },
						"down": { "texture": "#stringmaterial", "uv": [ 0.0, 0.0, 0.5, 0.5 ] }
					}
				},
				{
					"name": "Cube21",
					"from": [ 5.0, 8.0, 3.0 ], 
					"to": [ 5.5, 10.0, 3.5 ], 
					"rotationOrigin": [ 6.0, 9.0, 0.0 ],
					"faces": {
						"north": { "texture": "#stringmaterial", "uv": [ 0.0, 0.0, 0.5, 2.0 ] },
						"east": { "texture": "#stringmaterial", "uv": [ 0.0, 0.0, 0.5, 2.0 ] },
						"south": { "texture": "#stringmaterial", "uv": [ 0.0, 0.0, 0.5, 2.0 ] },
						"west": { "texture": "#stringmaterial", "uv": [ 0.0, 0.0, 0.5, 2.0 ] },
						"up": { "texture": "#stringmaterial", "uv": [ 0.0, 0.0, 0.5, 0.5 ] },
						"down": { "texture": "#stringmaterial", "uv": [ 0.0, 0.0, 0.5, 0.5 ] }
					}
				},
				{
					"name": "Cube22",
					"from": [ 4.4, 5.5, 3.0 ], 
					"to": [ 4.9, 8.0, 3.5 ], 
					"rotationOrigin": [ 5.4, 6.5, 0.0 ],
					"rotationZ": -22.5,
					"faces": {
						"north": { "texture": "#stringmaterial", "uv": [ 0.0, 0.0, 0.5, 2.5 ] },
						"east": { "texture": "#stringmaterial", "uv": [ 0.0, 0.0, 0.5, 2.5 ] },
						"south": { "texture": "#stringmaterial", "uv": [ 0.0, 0.0, 0.5, 2.5 ] },
						"west": { "texture": "#stringmaterial", "uv": [ 0.0, 0.0, 0.5, 2.5 ] },
						"up": { "texture": "#stringmaterial", "uv": [ 0.0, 0.0, 0.5, 0.5 ] },
						"down": { "texture": "#stringmaterial", "uv": [ 0.0, 0.0, 0.5, 0.5 ] }
					}
				},
				{
					"name": "Cube23",
					"from": [ 2.1, 4.8, 3.0 ], 
					"to": [ 4.1, 5.3, 3.5 ], 
					"rotationOrigin": [ 3.1, 5.8, 0.0 ],
					"rotationZ": 45.0,
					"faces": {
						"north": { "texture": "#stringmaterial", "uv": [ 0.0, 0.0, 2.0, 0.5 ] },
						"east": { "texture": "#stringmaterial", "uv": [ 0.0, 0.0, 0.5, 0.5 ] },
						"south": { "texture": "#stringmaterial", "uv": [ 0.0, 0.0, 2.0, 0.5 ] },
						"west": { "texture": "#stringmaterial", "uv": [ 0.0, 0.0, 0.5, 0.5 ] },
						"up": { "texture": "#stringmaterial", "uv": [ 0.0, 0.0, 2.0, 0.5 ] },
						"down": { "texture": "#stringmaterial", "uv": [ 0.0, 0.0, 2.0, 0.5 ] }
					}
				},
				{
					"name": "Cube28",
					"from": [ -1.7, 13.5, 2.5 ], 
					"to": [ 0.6, 14.0, 3.0 ], 
					"rotationOrigin": [ -0.7, 14.5, -0.5 ],
					"faces": {
						"north": { "texture": "#stringmaterial", "uv": [ 0.0, 0.0, 2.0, 0.5 ] },
						"east": { "texture": "#stringmaterial", "uv": [ 0.0, 0.0, 0.5, 0.5 ] },
						"south": { "texture": "#stringmaterial", "uv": [ 0.0, 0.0, 2.0, 0.5 ] },
						"west": { "texture": "#stringmaterial", "uv": [ 0.0, 0.0, 0.5, 0.5 ] },
						"up": { "texture": "#stringmaterial", "uv": [ 0.0, 0.0, 2.0, 0.5 ] },
						"down": { "texture": "#stringmaterial", "uv": [ 0.0, 0.0, 2.0, 0.5 ] }
					}
				}
			]
		},
		{
			"name": "Cube26",
			"from": [ 4.0, -1.0, 10.0 ], 
			"to": [ 5.0, 14.0, 11.0 ], 
			"rotationOrigin": [ 4.0, -1.0, 10.0 ],
			"rotationX": -3.0,
			"rotationY": 22.5,
			"rotationZ": -14.0,
			"faces": {
				"north": { "texture": "#woodmaterial", "uv": [ 0.0, 0.0, 1.0, 15.0 ] },
				"east": { "texture": "#woodmaterial", "uv": [ 0.0, 0.0, 1.0, 15.0 ] },
				"south": { "texture": "#woodmaterial", "uv": [ 0.0, 0.0, 1.0, 15.0 ] },
				"west": { "texture": "#woodmaterial", "uv": [ 0.0, 0.0, 1.0, 15.0 ] },
				"up": { "texture": "#woodmaterial", "uv": [ 0.0, 0.0, 1.0, 1.0 ] },
				"down": { "texture": "#woodmaterial", "uv": [ 0.0, 0.0, 1.0, 1.0 ] }
			}
		},
		{
			"name": "Cube25",
			"from": [ 7.0, 0.0, 8.0 ], 
			"to": [ 8.0, 1.0, 9.0 ], 
			"rotationOrigin": [ 7.0, 0.0, 8.0 ],
			"faces": {
				"north": { "texture": "#baitmaterial", "uv": [ 0.0, 0.0, 1.0, 1.0 ] },
				"east": { "texture": "#baitmaterial", "uv": [ 0.0, 0.0, 1.0, 1.0 ] },
				"south": { "texture": "#baitmaterial", "uv": [ 0.0, 0.0, 1.0, 1.0 ] },
				"west": { "texture": "#baitmaterial", "uv": [ 0.0, 0.0, 1.0, 1.0 ] },
				"up": { "texture": "#baitmaterial", "uv": [ 0.0, 0.0, 1.0, 1.0 ] },
				"down": { "texture": "#baitmaterial", "uv": [ 0.0, 0.0, 1.0, 1.0 ] }
			},
			"children": [
				{
					"name": "Cube24",
					"from": [ 2.0, 0.0, 0.0 ], 
					"to": [ 3.0, 1.0, 1.0 ], 
					"rotationOrigin": [ 2.0, 2.0, -3.0 ],
					"rotationX": 3.0,
					"rotationY": 8.0,
					"faces": {
						"north": { "texture": "#baitmaterial", "uv": [ 0.0, 0.0, 1.0, 1.0 ] },
						"east": { "texture": "#baitmaterial", "uv": [ 0.0, 0.0, 1.0, 1.0 ] },
						"south": { "texture": "#baitmaterial", "uv": [ 0.0, 0.0, 1.0, 1.0 ] },
						"west": { "texture": "#baitmaterial", "uv": [ 0.0, 0.0, 1.0, 1.0 ] },
						"up": { "texture": "#baitmaterial", "uv": [ 0.0, 0.0, 1.0, 1.0 ] },
						"down": { "texture": "#baitmaterial", "uv": [ 0.0, 0.0, 1.0, 1.0 ] }
					}
				},
				{
					"name": "Cube27",
					"from": [ 2.0, -1.0, 3.0 ], 
					"to": [ 3.0, 0.0, 4.0 ], 
					"rotationOrigin": [ 0.0, -1.0, 0.0 ],
					"rotationX": 4.4639200085089914E-7,
					"rotationY": 16.99999641530578,
					"rotationZ": 16.99999671214028,
					"faces": {
						"north": { "texture": "#baitmaterial", "uv": [ 0.0, 0.0, 1.0, 1.0 ] },
						"east": { "texture": "#baitmaterial", "uv": [ 0.0, 0.0, 1.0, 1.0 ] },
						"south": { "texture": "#baitmaterial", "uv": [ 0.0, 0.0, 1.0, 1.0 ] },
						"west": { "texture": "#baitmaterial", "uv": [ 0.0, 0.0, 1.0, 1.0 ] },
						"up": { "texture": "#baitmaterial", "uv": [ 0.0, 0.0, 1.0, 1.0 ] },
						"down": { "texture": "#baitmaterial", "uv": [ 0.0, 0.0, 1.0, 1.0 ] }
					}
				},
				{
					"name": "Cube29",
					"from": [ 1.0, -1.0, -1.0 ], 
					"to": [ 2.0, 0.0, 0.0 ], 
					"rotationOrigin": [ 1.0, 1.0, -4.0 ],
					"rotationX": -8.0,
					"rotationY": 6.0,
					"faces": {
						"north": { "texture": "#baitmaterial", "uv": [ 0.0, 0.0, 1.0, 1.0 ] },
						"east": { "texture": "#baitmaterial", "uv": [ 0.0, 0.0, 1.0, 1.0 ] },
						"south": { "texture": "#baitmaterial", "uv": [ 0.0, 0.0, 1.0, 1.0 ] },
						"west": { "texture": "#baitmaterial", "uv": [ 0.0, 0.0, 1.0, 1.0 ] },
						"up": { "texture": "#baitmaterial", "uv": [ 0.0, 0.0, 1.0, 1.0 ] },
						"down": { "texture": "#baitmaterial", "uv": [ 0.0, 0.0, 1.0, 1.0 ] }
					}
				},
				{
					"name": "Cube30",
					"from": [ 1.0, 0.0, 2.0 ], 
					"to": [ 2.0, 1.0, 3.0 ], 
					"rotationOrigin": [ 1.0, 1.0, 2.0 ],
					"rotationX": 3.0,
					"rotationY": 6.0,
					"rotationZ": -8.0,
					"faces": {
						"north": { "texture": "#baitmaterial", "uv": [ 0.0, 0.0, 1.0, 1.0 ] },
						"east": { "texture": "#baitmaterial", "uv": [ 0.0, 0.0, 1.0, 1.0 ] },
						"south": { "texture": "#baitmaterial", "uv": [ 0.0, 0.0, 1.0, 1.0 ] },
						"west": { "texture": "#baitmaterial", "uv": [ 0.0, 0.0, 1.0, 1.0 ] },
						"up": { "texture": "#baitmaterial", "uv": [ 0.0, 0.0, 1.0, 1.0 ] },
						"down": { "texture": "#baitmaterial", "uv": [ 0.0, 0.0, 1.0, 1.0 ] }
					}
				},
				{
					"name": "Cube31",
					"from": [ 2.0, 1.0, 1.0 ], 
					"to": [ 3.0, 2.0, 2.0 ], 
					"rotationOrigin": [ 2.0, 2.0, 1.0 ],
					"rotationX": 39.0,
					"rotationY": 6.0,
					"rotationZ": -8.0,
					"faces": {
						"north": { "texture": "#baitmaterial", "uv": [ 0.0, 0.0, 1.0, 1.0 ] },
						"east": { "texture": "#baitmaterial", "uv": [ 0.0, 0.0, 1.0, 1.0 ] },
						"south": { "texture": "#baitmaterial", "uv": [ 0.0, 0.0, 1.0, 1.0 ] },
						"west": { "texture": "#baitmaterial", "uv": [ 0.0, 0.0, 1.0, 1.0 ] },
						"up": { "texture": "#baitmaterial", "uv": [ 0.0, 0.0, 1.0, 1.0 ] },
						"down": { "texture": "#baitmaterial", "uv": [ 0.0, 0.0, 1.0, 1.0 ] }
					}
				},
				{
					"name": "Cube32",
					"from": [ 1.0, 0.0, 0.0 ], 
					"to": [ 2.0, 1.0, 1.0 ], 
					"rotationOrigin": [ 1.0, 1.0, 0.0 ],
					"rotationX": -19.0,
					"rotationY": -3.0,
					"rotationZ": -8.0,
					"faces": {
						"north": { "texture": "#baitmaterial", "uv": [ 0.0, 0.0, 1.0, 1.0 ] },
						"east": { "texture": "#baitmaterial", "uv": [ 0.0, 0.0, 1.0, 1.0 ] },
						"south": { "texture": "#baitmaterial", "uv": [ 0.0, 0.0, 1.0, 1.0 ] },
						"west": { "texture": "#baitmaterial", "uv": [ 0.0, 0.0, 1.0, 1.0 ] },
						"up": { "texture": "#baitmaterial", "uv": [ 0.0, 0.0, 1.0, 1.0 ] },
						"down": { "texture": "#baitmaterial", "uv": [ 0.0, 0.0, 1.0, 1.0 ] }
					}
				}
			]
		}
	]}