{
    "code": "earthwormcastings",
    "class": "Block",
    "shape": { "base": "game:primitivesurvival:block/earthwormcastings" },
    "drawtype": "JSON",
    "blockmaterial": "Soil",
    "sideopaque": {
        "all": false
    },
    "sidesolid": {
        "all": false
    },
    "creativeinventory": {
        "general": [ "*" ],
        "terrain": [ "*" ],
        "primitive": [ "*" ]
    },
    "replaceable": 400,
    "resistance": 1.5,
    "lightAbsorption": 99,
    "textures": {
        "earthwormcastings": {
            "base": "primitivesurvival:block/earthwormcastings"
        }
    },
    "sounds": {
        "walk": "game:walk/grass",
        "break": "game:block/dirt",
        "hit": "game:block/dirt"
    },
    "drops": [
        {
            "type": "item",
            "code": "primitivesurvival:earthwormcastings",
            "quantity": {
                "avg": 15
            }
        }
    ],
    "collisionBox": {
        "x1": 0,
        "y1": 0,
        "z1": 0,
        "x2": 1,
        "y2": 1,
        "z2": 1
    },
    "selectionBox": {
        "x1": 0,
        "y1": 0,
        "z1": 0,
        "x2": 1,
        "y2": 1,
        "z2": 1
    },
    "heldTpIdleAnimation": "holdbothhandslarge",
    "heldTpUseAnimation": "twohandplaceblock",
    "tpHandTransform": {
        "translation": {
            "x": -1.2,
            "y": -1.1,
            "z": -0.8
        },
        "rotation": {
            "x": -2,
            "y": 25,
            "z": -78
        },
        "scale": 0.37
    }
}
