{
  "code": "nail",
  "maxstacksize": 64,
  "blockmaterial": "metal",
  "attributes": {
    "reinforcementStrengthByType": {
      "*-copper": 150,
      "*-tinbronze": 300,
      "*-bismuthbronze": 300,
      "*-blackbronze": 400,
      "*-iron": 800
    },
    "handbook": {
      "excludeByType": {
        "*-chromium": true,
        "*-platinum": true,
        "*-titanium": true,
        "*-rhodium": true,
        "*-stainlessteel": true,
        "*-uranium": true
      }
    },
    "displaycaseable": true,
    "shelvable": true
  },
  "variantgroups": [
    {
      "code": "metal",
      "loadFromProperties": "game:block/metal"
    }
  ],
  "attributesByType": {
    "nail-lead": {
      "workableTemperature": 0
    }
  },
  "storageFlags": 5,

  "shape": { "base": "block/nail" },
  "textures": {
    "metal": { "base": "game:block/metal/ingot/{metal}" }
  },
  "creativeinventory": {
    "general": ["*"],
    "items": ["*"],
    "primitive": ["*"]
  },
  "materialDensityByType": {
    "*-copper": 8960,
    "*-brass": 8500,
    "*-tinbronze": 7600,
    "*-bismuthbronze": 7900,
    "*-blackbronze": 9000,
    "*-iron": 7870,
    "*-gold": 19300,
    "*-lead": 11300,
    "*-tin": 7260,
    "*-chromium": 7150,
    "*-platinum": 21500,
    "*-titanium": 4510,
    "*-zinc": 7140,
    "*-silver": 10500,
    "*-bismuth": 9790,
    "*-molybdochalkos": 9600
  },
  "combustiblePropsByType": {
    "nail-copper": {
      "meltingPoint": 1084,
      "meltingDuration": 30,
      "smeltedRatio": 1,
      "smeltedStack": {
        "type": "block",
        "code": "nail-copper"
      }
    },
    "nail-brass": {
      "meltingPoint": 920,
      "meltingDuration": 30,
      "smeltedRatio": 1,
      "smeltedStack": {
        "type": "block",
        "code": "nail-brass"
      }
    },
    "nail-tinbronze": {
      "meltingPoint": 950,
      "meltingDuration": 30,
      "smeltedRatio": 1,
      "smeltedStack": {
        "type": "block",
        "code": "nail-tinbronze"
      }
    },
    "nail-bismuthbronze": {
      "meltingPoint": 850,
      "meltingDuration": 30,
      "smeltedRatio": 1,
      "smeltedStack": {
        "type": "block",
        "code": "nail-bismuthbronze"
      }
    },
    "nail-blackbronze": {
      "meltingPoint": 1020,
      "meltingDuration": 30,
      "smeltedRatio": 1,
      "smeltedStack": {
        "type": "block",
        "code": "nail-blackbronze"
      }
    },
    "nail-iron": {
      "meltingPoint": 1482,
      "meltingDuration": 30,
      "smeltedRatio": 1,
      "smeltedStack": {
        "type": "block",
        "code": "nail-iron"
      }
    },
    "nail-gold": {
      "meltingPoint": 1063,
      "meltingDuration": 30,
      "smeltedRatio": 1,
      "smeltedStack": {
        "type": "block",
        "code": "nail-gold"
      }
    },
    "nail-lead": {
      "meltingPoint": 327,
      "meltingDuration": 30,
      "smeltedRatio": 1,
      "smeltedStack": {
        "type": "block",
        "code": "nail-lead"
      }
    },
    "nail-tin": {
      "meltingPoint": 232,
      "meltingDuration": 30,
      "smeltedRatio": 1,
      "smeltedStack": {
        "type": "block",
        "code": "nail-tin"
      }
    },
    "nail-chromium": {
      "meltingPoint": 1907,
      "meltingDuration": 30,
      "smeltedRatio": 1,
      "smeltedStack": {
        "type": "block",
        "code": "nail-chromium"
      }
    },
    "nail-platinum": {
      "meltingPoint": 1770,
      "meltingDuration": 30,
      "smeltedRatio": 1,
      "smeltedStack": {
        "type": "block",
        "code": "nail-platinum"
      }
    },
    "nail-titanium": {
      "meltingPoint": 1668,
      "meltingDuration": 30,
      "smeltedRatio": 1,
      "smeltedStack": {
        "type": "block",
        "code": "nail-titanium"
      }
    },
    "nail-zinc": {
      "meltingPoint": 419,
      "meltingDuration": 30,
      "smeltedRatio": 1,
      "smeltedStack": {
        "type": "block",
        "code": "nail-zinc"
      }
    },
    "nail-silver": {
      "meltingPoint": 961,
      "meltingDuration": 30,
      "smeltedRatio": 1,
      "smeltedStack": {
        "type": "block",
        "code": "nail-silver"
      }
    },
    "nail-bismuth": {
      "meltingPoint": 271,
      "meltingDuration": 30,
      "smeltedRatio": 1,
      "smeltedStack": {
        "type": "block",
        "code": "nail-bismuth"
      }
    },
    "nail-molybdochalkos": {
      "meltingPoint": 902,
      "meltingDuration": 30,
      "smeltedRatio": 1,
      "smeltedStack": {
        "type": "block",
        "code": "nail-molybdochalkos"
      }
    }
  },
  "guiTransform": {
    "translation": { "x": -1.8, "y": 0, "z": 0 },
    "rotation": { "x": 149, "y": -36, "z": 0 },
    "origin": { "x": 0.5, "y": 0, "z": 0.5 },
    "scale": 3.5
  },
  "fpHandTransform": {
    "translation": { "x": 0, "y": 0.1, "z": 0 },
    "rotation": { "x": 58, "y": -69, "z": -6 },
    "origin": { "x": 0.5, "y": 0.1, "z": 0.5 },
    "scale": 2.15
  },
  "tpHandTransform": {
    "translation": { "x": -0.77, "y": -0.15, "z": -0.64 },
    "rotation": { "x": 0, "y": -71, "z": 18 },
    "origin": { "x": 0.5, "y": 0.1, "z": 0.5 },
    "scale": 0.75
  },
  "groundTransform": {
    "translation": { "x": 0, "y": 0, "z": 0 },
    "rotation": { "x": 0, "y": 0, "z": 0 },
    "origin": { "x": 0.5, "y": 0, "z": 0.5 },
    "scale": 4.8
  }
}
