{
	"editor": {
		"allAngles": false,
		"entityTextureMode": false
	},
	"textureWidth": 16,
	"textureHeight": 16,
	"textureSizes": {
	},
	"textures": {
	},
	"elements": [
		{
			"name": "Floor",
			"from": [ 5.0, 0.0, 5.0 ], 
			"to": [ 11.0, 1.0, 11.0 ], 
			"faces": {
				"north": { "texture": "#sides", "uv": [ 0.0, 0.0, 6.0, 1.0 ], "enabled": false },
				"east": { "texture": "#sides", "uv": [ 0.0, 0.0, 6.0, 1.0 ], "enabled": false },
				"south": { "texture": "#sides", "uv": [ 0.0, 0.0, 6.0, 1.0 ], "enabled": false },
				"west": { "texture": "#sides", "uv": [ 0.0, 0.0, 6.0, 1.0 ], "enabled": false },
				"up": { "texture": "#sides", "uv": [ 0.0, 10.0, 6.0, 16.0 ] },
				"down": { "texture": "#sides", "uv": [ 10.0, 10.0, 16.0, 16.0 ] }
			},
			"children": [
				{
					"name": "N",
					"from": [ -1.0, 0.0, -1.0 ], 
					"to": [ 7.0, 9.0, 0.0 ], 
					"faces": {
						"north": { "texture": "#sides", "uv": [ 0.0, 0.0, 8.0, 9.0 ] },
						"east": { "texture": "#sides", "uv": [ 7.0, 0.0, 8.0, 9.0 ] },
						"south": { "texture": "#sides", "uv": [ 0.0, 0.0, 8.0, 9.0 ] },
						"west": { "texture": "#sides", "uv": [ 8.0, 0.0, 9.0, 9.0 ] },
						"up": { "texture": "#sides", "uv": [ 0.0, 9.0, 8.0, 10.0 ] },
						"down": { "texture": "#sides", "uv": [ 0.0, 0.0, 8.0, 1.0 ] }
					}
				},
				{
					"name": "S",
					"from": [ -1.0, 0.0, 6.0 ], 
					"to": [ 7.0, 9.0, 7.0 ], 
					"faces": {
						"north": { "texture": "#sides", "uv": [ 0.0, 0.0, 8.0, 9.0 ] },
						"east": { "texture": "#sides", "uv": [ 0.0, 0.0, 1.0, 9.0 ] },
						"south": { "texture": "#sides", "uv": [ 0.0, 0.0, 8.0, 9.0 ] },
						"west": { "texture": "#sides", "uv": [ 15.0, 0.0, 16.0, 9.0 ] },
						"up": { "texture": "#sides", "uv": [ 0.0, 9.0, 8.0, 10.0 ], "rotation": 180 },
						"down": { "texture": "#sides", "uv": [ 7.0, 12.0, 15.0, 13.0 ] }
					}
				},
				{
					"name": "W",
					"from": [ -1.0, 0.0, 0.0 ], 
					"to": [ 0.0, 9.0, 6.0 ], 
					"faces": {
						"north": { "texture": "#sides", "uv": [ 0.0, 0.0, 1.0, 9.0 ], "enabled": false },
						"east": { "texture": "#sides", "uv": [ 9.0, 0.0, 15.0, 9.0 ] },
						"south": { "texture": "#sides", "uv": [ 0.0, 0.0, 1.0, 9.0 ], "enabled": false },
						"west": { "texture": "#sides", "uv": [ 9.0, 0.0, 15.0, 9.0 ] },
						"up": { "texture": "#sides", "uv": [ 1.0, 9.0, 7.0, 10.0 ], "rotation": 270 },
						"down": { "texture": "#sides", "uv": [ 8.0, 10.0, 9.0, 16.0 ] }
					},
					"children": [
						{
							"name": "W handle",
							"from": [ 0.0, 9.0, 1.5 ], 
							"to": [ 1.0, 10.0, 4.5 ], 
							"faces": {
								"north": { "texture": "#sides", "uv": [ 11.0, 14.0, 12.0, 15.0 ], "rotation": 90 },
								"east": { "texture": "#sides", "uv": [ 13.0, 10.0, 16.0, 11.0 ] },
								"south": { "texture": "#sides", "uv": [ 15.0, 14.0, 16.0, 15.0 ], "rotation": 270 },
								"west": { "texture": "#sides", "uv": [ 13.0, 10.0, 16.0, 11.0 ] },
								"up": { "texture": "#sides", "uv": [ 12.0, 14.0, 15.0, 15.0 ], "rotation": 270 },
								"down": { "texture": "#sides", "uv": [ 0.0, 0.0, 1.0, 3.0 ], "enabled": false }
							}
						}
					]
				},
				{
					"name": "E",
					"from": [ 6.0, 0.0, 0.0 ], 
					"to": [ 7.0, 9.0, 6.0 ], 
					"faces": {
						"north": { "texture": "#sides", "uv": [ 0.0, 0.0, 1.0, 9.0 ], "enabled": false },
						"east": { "texture": "#sides", "uv": [ 9.0, 0.0, 15.0, 9.0 ] },
						"south": { "texture": "#sides", "uv": [ 0.0, 0.0, 1.0, 9.0 ], "enabled": false },
						"west": { "texture": "#sides", "uv": [ 9.0, 0.0, 15.0, 9.0 ] },
						"up": { "texture": "#sides", "uv": [ 0.0, 9.0, 6.0, 10.0 ], "rotation": 90 },
						"down": { "texture": "#sides", "uv": [ 8.0, 10.0, 9.0, 16.0 ] }
					},
					"children": [
						{
							"name": "E handle",
							"from": [ 0.0, 9.0, 1.5 ], 
							"to": [ 1.0, 10.0, 4.5 ], 
							"faces": {
								"north": { "texture": "#sides", "uv": [ 15.0, 14.0, 16.0, 15.0 ], "rotation": 270 },
								"east": { "texture": "#sides", "uv": [ 13.0, 10.0, 16.0, 11.0 ] },
								"south": { "texture": "#sides", "uv": [ 11.0, 14.0, 12.0, 15.0 ], "rotation": 90 },
								"west": { "texture": "#sides", "uv": [ 13.0, 10.0, 16.0, 11.0 ] },
								"up": { "texture": "#sides", "uv": [ 12.0, 14.0, 15.0, 15.0 ], "rotation": 90 },
								"down": { "texture": "#sides", "uv": [ 0.0, 0.0, 1.0, 3.0 ], "enabled": false }
							}
						}
					]
				},
				{
					"name": "string",
					"from": [ 0.0, 10.5, 2.5 ], 
					"to": [ 6.0, 11.5, 3.5 ], 
					"faces": {
						"north": { "texture": "#sides", "uv": [ 3.0, 6.0, 9.0, 7.0 ] },
						"east": { "texture": "#sides", "uv": [ 3.0, 2.0, 4.0, 3.0 ] },
						"south": { "texture": "#sides", "uv": [ 6.0, 1.0, 12.0, 2.0 ] },
						"west": { "texture": "#sides", "uv": [ 3.0, 5.0, 4.0, 6.0 ] },
						"up": { "texture": "#sides", "uv": [ 7.0, 3.0, 13.0, 4.0 ] },
						"down": { "texture": "#sides", "uv": [ 3.0, 6.0, 9.0, 7.0 ] }
					}
				},
				{
					"name": "string W",
					"from": [ -1.0, 10.0, 2.5 ], 
					"to": [ 0.0, 11.0, 3.5 ], 
					"faces": {
						"north": { "texture": "#sides", "uv": [ 3.0, 6.0, 4.0, 7.0 ] },
						"east": { "texture": "#sides", "uv": [ 3.0, 2.0, 4.0, 3.0 ] },
						"south": { "texture": "#sides", "uv": [ 6.0, 1.0, 7.0, 2.0 ] },
						"west": { "texture": "#sides", "uv": [ 3.0, 5.0, 4.0, 6.0 ] },
						"up": { "texture": "#sides", "uv": [ 7.0, 3.0, 8.0, 4.0 ] },
						"down": { "texture": "#sides", "uv": [ 3.0, 6.0, 4.0, 7.0 ], "enabled": false }
					}
				},
				{
					"name": "string E",
					"from": [ 6.0, 10.0, 2.5 ], 
					"to": [ 7.0, 11.0, 3.5 ], 
					"faces": {
						"north": { "texture": "#sides", "uv": [ 3.0, 6.0, 4.0, 7.0 ] },
						"east": { "texture": "#sides", "uv": [ 3.0, 2.0, 4.0, 3.0 ] },
						"south": { "texture": "#sides", "uv": [ 6.0, 1.0, 7.0, 2.0 ] },
						"west": { "texture": "#sides", "uv": [ 3.0, 5.0, 4.0, 6.0 ] },
						"up": { "texture": "#sides", "uv": [ 7.0, 3.0, 8.0, 4.0 ] },
						"down": { "texture": "#sides", "uv": [ 3.0, 6.0, 4.0, 7.0 ], "enabled": false }
					}
				}
			]
		},
		{
			"name": "lava",
			"from": [ 5.0, 7.0, 5.0 ], 
			"to": [ 11.0, 8.0, 11.0 ], 
			"rotationOrigin": [ 5.0, 7.0, 5.0 ],
			"faces": {
				"north": {
					"texture": "#null",
					"uv": [ 0.0, 0.0, 6.0, 1.0 ],
					"enabled": false
				},
				"east": {
					"texture": "#null",
					"uv": [ 0.0, 0.0, 6.0, 1.0 ],
					"enabled": false
				},
				"south": {
					"texture": "#null",
					"uv": [ 0.0, 0.0, 6.0, 1.0 ],
					"enabled": false
				},
				"west": { "texture": "#null", "uv": [ 0.0, 0.0, 6.0, 1.0 ], "enabled": false },
				"up": { "texture": "#contents", "uv": [ 0.0, 0.0, 16.0, 16.0 ], "glow": 160 },
				"down": {
					"texture": "#null",
					"uv": [ 0.0, 0.0, 6.0, 6.0 ],
					"enabled": false
				}
			}
		}
	]}