{
	"editor": {
		"allAngles": false,
		"entityTextureMode": false
	},
	"textureWidth": 16,
	"textureHeight": 16,
	"textureSizes": {
	},
	"textures": {
	},
	"elements": [
		{
			"name": "Origin",
			"from": [ 0.0, 0.0, 0.0 ], 
			"to": [ 0.0, 0.0, 0.0 ], 
			"faces": {
				"north": { "texture": "#normal", "uv": [ 0.0, 0.0, 0.5, 0.5 ] },
				"east": { "texture": "#normal", "uv": [ 0.0, 0.0, 0.5, 0.5 ] },
				"south": { "texture": "#normal", "uv": [ 0.0, 0.0, 0.5, 0.5 ] },
				"west": { "texture": "#normal", "uv": [ 0.0, 0.0, 0.5, 0.5 ] },
				"up": { "texture": "#normal", "uv": [ 0.0, 0.0, 0.5, 0.5 ] },
				"down": { "texture": "#normal", "uv": [ 0.0, 0.0, 0.5, 0.5 ] }
			},
			"children": [
				{
					"name": "Cube1",
					"from": [ 7.0, 0.0, 2.0 ], 
					"to": [ 9.0, 1.5, 12.0 ], 
					"rotationOrigin": [ 7.0, 0.0, 2.0 ],
					"faces": {
						"north": { "texture": "#normal", "uv": [ 7.875, 7.875, 9.875, 9.375 ] },
						"east": { "texture": "#normal", "uv": [ 0.0, 0.0, 10.0, 1.5 ] },
						"south": { "texture": "#normal", "uv": [ 8.5, 8.5, 10.5, 10.0 ] },
						"west": { "texture": "#normal", "uv": [ 4.0, 7.0, 14.0, 8.5 ] },
						"up": { "texture": "#normal", "uv": [ 8.125, 2.25, 10.125, 12.25 ] },
						"down": { "texture": "#normal", "uv": [ 1.5, 2.5, 3.5, 12.5 ] }
					}
				},
				{
					"name": "Cube3",
					"from": [ 9.0, 0.0, 3.0 ], 
					"to": [ 12.0, 2.5, 13.5 ], 
					"rotationOrigin": [ 9.0, 0.0, 3.0 ],
					"faces": {
						"north": { "texture": "#normal", "uv": [ 4.5, 5.5, 7.5, 8.0 ] },
						"east": { "texture": "#normal", "uv": [ 1.875, 12.0, 12.375, 14.5 ] },
						"south": { "texture": "#normal", "uv": [ 12.0, 7.5, 15.0, 10.0 ] },
						"west": { "texture": "#normal", "uv": [ 3.0, 6.0, 13.5, 8.5 ] },
						"up": { "texture": "#normal", "uv": [ 11.5, 2.0, 14.5, 12.5 ] },
						"down": { "texture": "#normal", "uv": [ 2.0, 1.0, 5.0, 11.5 ] }
					}
				},
				{
					"name": "Cube4",
					"from": [ 4.0, 0.0, 3.0 ], 
					"to": [ 7.0, 2.5, 13.5 ], 
					"rotationOrigin": [ 4.0, 0.0, 3.0 ],
					"faces": {
						"north": { "texture": "#normal", "uv": [ 4.0, 2.5, 7.0, 5.0 ] },
						"east": { "texture": "#normal", "uv": [ 4.0, 10.0, 14.5, 12.5 ] },
						"south": { "texture": "#normal", "uv": [ 2.25, 5.25, 7.75, 7.625 ], "autoUv": false },
						"west": { "texture": "#normal", "uv": [ 1.625, 12.125, 14.375, 13.875 ], "autoUv": false },
						"up": { "texture": "#normal", "uv": [ 5.0, 5.5, 8.0, 16.0 ] },
						"down": { "texture": "#normal", "uv": [ 3.0, 1.0, 6.0, 11.5 ] }
					}
				},
				{
					"name": "Cube5",
					"from": [ 12.0, 0.0, 4.0 ], 
					"to": [ 13.0, 1.0, 13.0 ], 
					"rotationOrigin": [ 12.0, 0.0, 4.0 ],
					"faces": {
						"north": { "texture": "#normal", "uv": [ 6.625, 4.75, 7.625, 5.75 ] },
						"east": { "texture": "#normal", "uv": [ 1.5, 14.5, 7.5, 13.875 ], "autoUv": false },
						"south": { "texture": "#normal", "uv": [ 10.375, 0.375, 11.375, 1.375 ] },
						"west": { "texture": "#normal", "uv": [ 0.0, 0.0, 9.0, 1.0 ] },
						"up": { "texture": "#normal", "uv": [ 13.875, 4.0, 14.875, 13.0 ] },
						"down": { "texture": "#normal", "uv": [ 0.0, 0.0, 1.0, 9.0 ] }
					}
				},
				{
					"name": "Cube6",
					"from": [ 3.0, 0.0, 4.0 ], 
					"to": [ 4.0, 1.0, 13.0 ], 
					"rotationOrigin": [ 3.0, 0.0, 4.0 ],
					"faces": {
						"north": { "texture": "#normal", "uv": [ 0.0, 0.0, 1.0, 1.0 ] },
						"east": { "texture": "#normal", "uv": [ 0.0, 0.0, 9.0, 1.0 ] },
						"south": { "texture": "#normal", "uv": [ 0.75, 9.25, 1.75, 10.25 ] },
						"west": { "texture": "#normal", "uv": [ 0.0, 0.0, 9.0, 1.0 ] },
						"up": { "texture": "#normal", "uv": [ 3.75, 1.375, 4.75, 10.375 ] },
						"down": { "texture": "#normal", "uv": [ 0.0, 0.0, 1.0, 9.0 ] }
					}
				},
				{
					"name": "Cube7",
					"from": [ 4.5, 0.0, 13.5 ], 
					"to": [ 7.0, 1.0, 14.5 ], 
					"rotationOrigin": [ 4.5, 0.0, 13.5 ],
					"faces": {
						"north": { "texture": "#normal", "uv": [ 3.0, 3.75, 5.5, 4.75 ] },
						"east": { "texture": "#normal", "uv": [ 4.0, 9.75, 5.0, 10.75 ] },
						"south": { "texture": "#normal", "uv": [ 2.25, 5.25, 7.75, 7.625 ], "autoUv": false },
						"west": { "texture": "#normal", "uv": [ 2.375, 1.75, 3.375, 2.75 ] },
						"up": { "texture": "#normal", "uv": [ 4.125, 6.0, 6.625, 7.0 ] },
						"down": { "texture": "#normal", "uv": [ 3.0, 1.0, 5.5, 2.0 ] }
					}
				},
				{
					"name": "Cube8",
					"from": [ 9.0, 0.0, 13.5 ], 
					"to": [ 11.5, 1.0, 14.5 ], 
					"rotationOrigin": [ 9.0, 0.0, 13.5 ],
					"faces": {
						"north": { "texture": "#normal", "uv": [ 3.0, 3.75, 5.5, 4.75 ] },
						"east": { "texture": "#normal", "uv": [ 4.0, 9.75, 5.0, 10.75 ] },
						"south": { "texture": "#normal", "uv": [ 2.25, 5.25, 7.75, 7.625 ], "autoUv": false },
						"west": { "texture": "#normal", "uv": [ 5.625, 5.75, 6.625, 6.75 ] },
						"up": { "texture": "#normal", "uv": [ 10.0, 3.75, 12.5, 4.75 ] },
						"down": { "texture": "#normal", "uv": [ 3.0, 1.0, 5.5, 2.0 ] }
					}
				},
				{
					"name": "Cube9",
					"from": [ 7.0, 0.0, 12.0 ], 
					"to": [ 9.0, 1.0, 13.0 ], 
					"rotationOrigin": [ 7.0, 0.0, 12.0 ],
					"faces": {
						"north": { "texture": "#normal", "uv": [ 7.0, 6.0, 9.0, 7.0 ] },
						"east": { "texture": "#normal", "uv": [ 0.0, 0.0, 1.0, 1.0 ] },
						"south": { "texture": "#normal", "uv": [ 8.5, 8.5, 10.5, 9.5 ] },
						"west": { "texture": "#normal", "uv": [ 4.0, 7.0, 5.0, 8.0 ] },
						"up": { "texture": "#normal", "uv": [ 8.0, 7.5, 10.0, 8.5 ] },
						"down": { "texture": "#normal", "uv": [ 1.5, 2.5, 3.5, 3.5 ] }
					}
				},
				{
					"name": "Cube10",
					"from": [ 4.5, 0.0, 2.0 ], 
					"to": [ 7.0, 1.5, 3.0 ], 
					"rotationOrigin": [ 4.5, 0.0, 2.0 ],
					"faces": {
						"north": { "texture": "#normal", "uv": [ 6.0, 4.5, 8.5, 6.0 ] },
						"east": { "texture": "#normal", "uv": [ 4.0, 10.0, 5.0, 11.5 ] },
						"south": { "texture": "#normal", "uv": [ 2.25, 5.25, 7.75, 7.625 ], "autoUv": false },
						"west": { "texture": "#normal", "uv": [ 0.0, 0.0, 1.0, 1.5 ] },
						"up": { "texture": "#normal", "uv": [ 5.375, 6.125, 7.875, 7.125 ] },
						"down": { "texture": "#normal", "uv": [ 2.75, 1.5, 5.25, 2.5 ] }
					}
				},
				{
					"name": "Cube11",
					"from": [ 9.0, 0.0, 2.0 ], 
					"to": [ 11.5, 1.5, 3.0 ], 
					"rotationOrigin": [ 9.0, 0.0, 2.0 ],
					"faces": {
						"north": { "texture": "#normal", "uv": [ 3.0, 4.0, 5.5, 5.5 ] },
						"east": { "texture": "#normal", "uv": [ 4.0, 10.0, 5.0, 11.5 ] },
						"south": { "texture": "#normal", "uv": [ 2.25, 5.25, 7.75, 7.625 ], "autoUv": false },
						"west": { "texture": "#normal", "uv": [ 4.5, 2.0, 5.5, 3.5 ] },
						"up": { "texture": "#normal", "uv": [ 11.125, 3.5, 13.625, 4.5 ] },
						"down": { "texture": "#normal", "uv": [ 3.0, 1.0, 5.5, 2.0 ] }
					}
				}
			]
		}
	]}