{
  "editor": {
    "allAngles": false,
    "entityTextureMode": false
  },
  "textureWidth": 16,
  "textureHeight": 16,
  "textureSizes": {},
  "elements": [
    {
      "name": "Body",
      "from": [7.0, 0.0, 8.0],
      "to": [13.5, 3.4, 9.8],
      "faces": {
        "north": {
          "texture": "#fish",
          "uv": [5.5, 2.5, 11.5, 4.5],
          "autoUv": false
        },
        "east": { "texture": "#fish", "uv": [6.5, 2.0, 8.0, 5.0] },
        "south": {
          "texture": "#fish",
          "uv": [6.5, 7.5, 13.5, 9.5],
          "autoUv": false
        },
        "west": { "texture": "#fish", "uv": [13.5, 7.0, 15.0, 10.0] },
        "up": { "texture": "#fish", "uv": [8.5, 3.5, 15.0, 5.0] },
        "down": { "texture": "#fish", "uv": [5.0, 9.0, 11.5, 10.5] }
      },
      "children": [
        {
          "name": "Head",
          "from": [5.0, 0.6, -0.2],
          "to": [7.4, 3.0, 1.9],
          "rotationOrigin": [6.5, 2.1, -0.2],
          "rotationZ": 45.0,
          "faces": {
            "north": { "texture": "#fish", "uv": [14.0, 2.5, 16.0, 4.5] },
            "east": { "texture": "#fish", "uv": [1.5, 0.0, 3.5, 2.0] },
            "south": { "texture": "#fish", "uv": [0.0, 7.5, 2.0, 9.5] },
            "west": { "texture": "#fish", "uv": [10.5, 6.5, 12.5, 8.5] },
            "up": { "texture": "#fish", "uv": [4.5, 4.5, 6.5, 6.5] },
            "down": { "texture": "#fish", "uv": [14.0, 5.0, 16.0, 7.0] }
          },
          "children": [
            {
              "name": "Jaw",
              "from": [0.0, 0.2, 0.1],
              "to": [2.0, 0.7, 1.9],
              "rotationOrigin": [0.0, 0.2, 1.1],
              "rotationZ": -28.0,
              "faces": {
                "north": {
                  "texture": "#fish",
                  "uv": [14.0, 4.0, 16.0, 4.5]
                },
                "east": {
                  "texture": "#fish",
                  "uv": [14.5, 3.5, 16.0, 4.0]
                },
                "south": {
                  "texture": "#fish",
                  "uv": [0.0, 9.0, 2.0, 9.5]
                },
                "west": {
                  "texture": "#fish",
                  "uv": [14.5, 4.0, 16.0, 4.5]
                },
                "up": {
                  "texture": "#fish",
                  "uv": [14.0, 3.5, 16.0, 5.0]
                },
                "down": {
                  "texture": "#fish",
                  "uv": [0.5, 8.5, 2.5, 10.0]
                }
              }
            }
          ]
        },
        {
          "name": "Butt",
          "from": [-2.0, 0.3, 0.2],
          "to": [-0.3, 3.8, 1.7],
          "rotationOrigin": [-0.6, 1.7, 1.0],
          "rotationZ": 75.0,
          "faces": {
            "north": { "texture": "#fish", "uv": [2.5, 8.5, 4.0, 12.0] },
            "east": { "texture": "#fish", "uv": [3.0, 5.0, 4.5, 8.5] },
            "south": { "texture": "#fish", "uv": [2.5, 8.5, 4.0, 12.0] },
            "west": { "texture": "#fish", "uv": [5.5, 4.0, 7.0, 7.5] },
            "up": { "texture": "#fish", "uv": [1.5, 3.5, 3.0, 5.0] },
            "down": { "texture": "#fish", "uv": [6.5, 4.0, 8.0, 5.5] }
          }
        },
        {
          "name": "Tail",
          "from": [-5.5, 0.6, 0.5],
          "to": [-3.0, 2.0, 1.5],
          "rotationOrigin": [-1.6, -0.4, 0.0],
          "rotationZ": -16.0,
          "faces": {
            "north": { "texture": "#fish", "uv": [7.0, 2.5, 9.5, 3.5] },
            "east": { "texture": "#fish", "uv": [2.5, 1.0, 3.5, 2.0] },
            "south": {
              "texture": "#fish",
              "uv": [13.0, 2.5, 9.5, 3.5],
              "autoUv": false
            },
            "west": { "texture": "#fish", "uv": [6.0, 1.0, 7.0, 2.0] },
            "up": { "texture": "#fish", "uv": [7.0, 4.5, 9.5, 5.5] },
            "down": { "texture": "#fish", "uv": [7.0, 5.0, 9.5, 6.0] }
          },
          "children": [
            {
              "name": "FinTail",
              "from": [-2.8, -0.3, 0.5],
              "to": [0.2, 2.7, 0.5],
              "rotationOrigin": [-0.8, 0.7, 0.5],
              "rotationZ": 45.0,
              "faces": {
                "north": {
                  "texture": "#fish",
                  "uv": [0.0, 13.0, 3.0, 16.0],
                  "enabled": false
                },
                "east": {
                  "texture": "#fish",
                  "uv": [0.0, 0.0, 0.5, 3.0],
                  "enabled": false
                },
                "south": {
                  "texture": "#fish",
                  "uv": [4.5, 13.0, 7.5, 16.0]
                },
                "west": {
                  "texture": "#fish",
                  "uv": [0.0, 0.0, 0.5, 3.0],
                  "enabled": false
                },
                "up": {
                  "texture": "#fish",
                  "uv": [0.0, 0.0, 3.0, 0.5],
                  "enabled": false
                },
                "down": {
                  "texture": "#fish",
                  "uv": [0.0, 0.0, 3.0, 0.5],
                  "enabled": false
                }
              }
            }
          ]
        },
        {
          "name": "FinPectoralRight",
          "from": [0.0, 0.0, 1.6],
          "to": [1.5, 1.0, 1.6],
          "rotationOrigin": [1.5, 1.0, 1.6],
          "rotationX": -15.0,
          "rotationY": 10.0,
          "rotationZ": 6.0,
          "faces": {
            "north": {
              "texture": "#fish",
              "uv": [0.0, 0.0, 1.5, 1.0],
              "enabled": false
            },
            "east": {
              "texture": "#fish",
              "uv": [0.0, 0.0, 0.5, 1.0],
              "enabled": false
            },
            "south": { "texture": "#fish", "uv": [14.0, 4.0, 15.5, 5.0] },
            "west": {
              "texture": "#fish",
              "uv": [0.0, 0.0, 0.5, 1.0],
              "enabled": false
            },
            "up": {
              "texture": "#fish",
              "uv": [0.0, 0.0, 1.5, 0.5],
              "enabled": false
            },
            "down": {
              "texture": "#fish",
              "uv": [0.0, 0.0, 1.5, 0.5],
              "enabled": false
            }
          }
        },
        {
          "name": "FinDorsal",
          "from": [0.5, 2.0, 1.0],
          "to": [2.5, 3.9, 1.0],
          "rotationOrigin": [2.0, 5.0, 1.0],
          "rotationZ": 45.0,
          "faces": {
            "north": {
              "texture": "#fish",
              "uv": [3.0, 11.0, 5.0, 12.5],
              "enabled": false
            },
            "east": {
              "texture": "#fish",
              "uv": [0.0, 0.0, 0.5, 1.5],
              "enabled": false
            },
            "south": { "texture": "#fish", "uv": [13.5, 4.0, 15.5, 5.5] },
            "west": {
              "texture": "#fish",
              "uv": [0.0, 0.0, 0.5, 1.5],
              "enabled": false
            },
            "up": {
              "texture": "#fish",
              "uv": [0.0, 0.0, 2.0, 0.5],
              "enabled": false
            },
            "down": {
              "texture": "#fish",
              "uv": [0.0, 0.0, 2.0, 0.5],
              "enabled": false
            }
          }
        },
        {
          "name": "Butt9",
          "from": [-2.9, 0.1, 0.1],
          "to": [-1.2, 3.8, 1.8],
          "rotationOrigin": [-1.5, 1.5, 0.9],
          "rotationZ": -75.0,
          "faces": {
            "north": {
              "texture": "#fish",
              "uv": [7.0, 7.5, 10.5, 8.6],
              "rotation": 90,
              "autoUv": false
            },
            "east": { "texture": "#fish", "uv": [7.5, 3.5, 9.0, 7.0] },
            "south": {
              "texture": "#fish",
              "uv": [10.0, 7.5, 13.5, 8.6],
              "rotation": 270,
              "autoUv": false
            },
            "west": { "texture": "#fish", "uv": [8.0, 3.5, 9.5, 7.0] },
            "up": { "texture": "#fish", "uv": [0.0, 0.0, 1.5, 1.5] },
            "down": { "texture": "#fish", "uv": [8.5, 4.0, 10.0, 5.5] }
          }
        },
        {
          "name": "FinPectoralRight10",
          "from": [0.0, 0.0, 0.2],
          "to": [1.5, 1.0, 0.2],
          "rotationOrigin": [1.5, 1.0, 0.2],
          "rotationX": 15.0,
          "rotationY": -10.0,
          "rotationZ": -6.0,
          "faces": {
            "north": {
              "texture": "#fish",
              "uv": [0.0, 0.0, 1.5, 1.0],
              "enabled": false
            },
            "east": {
              "texture": "#fish",
              "uv": [0.0, 0.0, 0.5, 1.0],
              "enabled": false
            },
            "south": { "texture": "#fish", "uv": [14.0, 4.0, 15.5, 5.0] },
            "west": {
              "texture": "#fish",
              "uv": [0.0, 0.0, 0.5, 1.0],
              "enabled": false
            },
            "up": {
              "texture": "#fish",
              "uv": [0.0, 0.0, 1.5, 0.5],
              "enabled": false
            },
            "down": {
              "texture": "#fish",
              "uv": [0.0, 0.0, 1.5, 0.5],
              "enabled": false
            }
          }
        }
      ]
    }
  ]
}
