{
  "textureWidth": 16,
  "textureHeight": 16,
  "elements": [
    {
      "name": "Body",
      "from": [7.0, 0.0, 8.0],
      "to": [13.0, 4.0, 10.0],
      "faces": {
        "north": { "texture": "#fish", "uv": [0.0, 0.0, 6.0, 4.0] },
        "east": { "texture": "#fish", "uv": [0.0, 0.0, 2.0, 4.0] },
        "south": { "texture": "#fish", "uv": [0.0, 0.0, 6.0, 4.0] },
        "west": { "texture": "#fish", "uv": [0.0, 0.0, 2.0, 4.0] },
        "up": { "texture": "#fish", "uv": [0.0, 0.0, 6.0, 2.0] },
        "down": { "texture": "#fish", "uv": [0.0, 0.0, 6.0, 2.0] }
      },
      "children": [
        {
          "name": "Head",
          "from": [4.5, 0.5, -0.1],
          "to": [7.5, 3.5, 2.1],
          "rotationOrigin": [6.0, 2.0, -0.1],
          "rotationZ": 45.0,
          "faces": {
            "north": { "texture": "#fish", "uv": [13.0, 0.0, 16.0, 3.0] },
            "east": { "texture": "#fish", "uv": [10.0, 0.0, 12.2, 3.0] },
            "south": { "texture": "#fish", "uv": [13.0, 3.0, 16.0, 6.0] },
            "west": { "texture": "#fish", "uv": [11.0, 3.0, 13.2, 6.0] },
            "up": { "texture": "#fish", "uv": [13.0, 0.0, 16.0, 2.2] },
            "down": { "texture": "#fish", "uv": [13.0, 7.0, 16.0, 9.2] }
          },
          "children": [
            {
              "name": "Jaw",
              "from": [0.5, 0.0, 0.1],
              "to": [2.5, 0.5, 2.1],
              "rotationOrigin": [0.5, 0.0, 1.1],
              "rotationZ": -8.0,
              "faces": {
                "north": {
                  "texture": "#fish",
                  "uv": [0.0, 0.0, 2.0, 0.5]
                },
                "east": { "texture": "#fish", "uv": [0.0, 0.0, 2.0, 0.5] },
                "south": {
                  "texture": "#fish",
                  "uv": [0.0, 0.0, 2.0, 0.5]
                },
                "west": { "texture": "#fish", "uv": [0.0, 0.0, 2.0, 0.5] },
                "up": { "texture": "#fish", "uv": [0.0, 0.0, 2.0, 2.0] },
                "down": { "texture": "#fish", "uv": [0.0, 0.0, 2.0, 2.0] }
              }
            }
          ]
        },
        {
          "name": "Butt",
          "from": [-1.4, 0.6, 0.1],
          "to": [1.4, 3.4, 1.9],
          "rotationOrigin": [0.0, 2.0, 0.9],
          "rotationZ": 45.0,
          "faces": {
            "north": { "texture": "#fish", "uv": [0.0, 0.0, 2.8, 2.8] },
            "east": { "texture": "#fish", "uv": [0.0, 0.0, 1.8, 2.8] },
            "south": { "texture": "#fish", "uv": [0.0, 0.0, 2.8, 2.8] },
            "west": { "texture": "#fish", "uv": [0.0, 0.0, 1.8, 2.8] },
            "up": { "texture": "#fish", "uv": [0.0, 0.0, 2.8, 1.8] },
            "down": { "texture": "#fish", "uv": [0.0, 0.0, 2.8, 1.8] }
          }
        },
        {
          "name": "Tail",
          "from": [-3.9, 1.0, 0.5],
          "to": [-0.9, 3.0, 1.5],
          "faces": {
            "north": { "texture": "#fish", "uv": [0.0, 0.0, 3.0, 2.0] },
            "east": { "texture": "#fish", "uv": [0.0, 0.0, 1.0, 2.0] },
            "south": { "texture": "#fish", "uv": [0.0, 0.0, 3.0, 2.0] },
            "west": { "texture": "#fish", "uv": [0.0, 0.0, 1.0, 2.0] },
            "up": { "texture": "#fish", "uv": [0.0, 0.0, 3.0, 1.0] },
            "down": { "texture": "#fish", "uv": [0.0, 0.0, 3.0, 1.0] }
          },
          "children": [
            {
              "name": "FinTail",
              "from": [-2.0, 0.0, 0.5],
              "to": [1.0, 3.0, 0.5],
              "rotationOrigin": [0.0, 1.0, 0.5],
              "rotationZ": 45.0,
              "faces": {
                "north": {
                  "texture": "#fish",
                  "uv": [0.0, 13.0, 3.0, 16.0],
                  "enabled": false
                },
                "east": {
                  "texture": "#fish",
                  "uv": [0.0, 0.0, 0.0, 3.0],
                  "enabled": false
                },
                "south": {
                  "texture": "#fish",
                  "uv": [0.0, 13.0, 3.0, 16.0]
                },
                "west": {
                  "texture": "#fish",
                  "uv": [0.0, 0.0, 0.0, 3.0],
                  "enabled": false
                },
                "up": {
                  "texture": "#fish",
                  "uv": [0.0, 0.0, 3.0, 0.0],
                  "enabled": false
                },
                "down": {
                  "texture": "#fish",
                  "uv": [0.0, 0.0, 3.0, 0.0],
                  "enabled": false
                }
              }
            }
          ]
        },
        {
          "name": "FinPectoralRight",
          "from": [3.0, 0.1, 2.0],
          "to": [4.5, 1.1, 2.0],
          "rotationOrigin": [4.5, 1.1, 2.0],
          "rotationX": -15.0,
          "rotationY": 10.0,
          "rotationZ": 6.0,
          "faces": {
            "north": {
              "texture": "#fish",
              "uv": [0.0, 0.0, 1.5, 1.0],
              "enabled": false
            },
            "east": {
              "texture": "#fish",
              "uv": [0.0, 0.0, 0.0, 1.0],
              "enabled": false
            },
            "south": { "texture": "#fish", "uv": [9.0, 11.0, 10.5, 12.0] },
            "west": {
              "texture": "#fish",
              "uv": [0.0, 0.0, 0.0, 1.0],
              "enabled": false
            },
            "up": {
              "texture": "#fish",
              "uv": [0.0, 0.0, 1.5, 0.0],
              "enabled": false
            },
            "down": {
              "texture": "#fish",
              "uv": [0.0, 0.0, 1.5, 0.0],
              "enabled": false
            }
          }
        },
        {
          "name": "FinDorsal",
          "from": [0.5, 1.0, 1.0],
          "to": [4.5, 6.0, 1.0],
          "rotationOrigin": [2.0, 4.0, 1.0],
          "rotationZ": 45.0,
          "faces": {
            "north": {
              "texture": "#fish",
              "uv": [3.0, 11.0, 7.0, 16.0],
              "enabled": false
            },
            "east": {
              "texture": "#fish",
              "uv": [0.0, 0.0, 0.0, 5.0],
              "enabled": false
            },
            "south": { "texture": "#fish", "uv": [3.0, 11.0, 7.0, 16.0] },
            "west": {
              "texture": "#fish",
              "uv": [0.0, 0.0, 0.0, 5.0],
              "enabled": false
            },
            "up": {
              "texture": "#fish",
              "uv": [0.0, 0.0, 4.0, 0.0],
              "enabled": false
            },
            "down": {
              "texture": "#fish",
              "uv": [0.0, 0.0, 4.0, 0.0],
              "enabled": false
            }
          }
        }
      ]
    }
  ]
}
