{
  "ingredient": {
    "type": "item",
    "code": "stone-*",
    "name": "rock",
    "allowedVariants": [
      "granite",
      "andesite",
      "basalt",
      "obsidian",
      "flint",
      "peridotite"
    ]
  },
  "pattern": [
    [
      "___#__#___",
      "___#__#___",
      "_#_#__#_#_",
      "_###__###_",
      "__________",
      "__________",
      "_###__###_",
      "_#_#__#_#_",
      "___#__#___",
      "___#__#___"
    ]
  ],
  "name": "Fishing hook",
  "output": {
    "type": "item",
    "code": "primitivesurvival:fishinghook-plain",
    "stacksize": 4
  }
}
