{
    "code": "fishinghook",
    "class": "itemfishinghook",
    "attributes": {
        "displaycaseable": false,
        "shelvable": false
    },
    "maxstacksize": 64,
    "variantgroups": [
        {
            "code": "material",
            "states": [
                "granite",
                "andesite",
                "basalt",
                "obsidian",
                "peridotite",
                "flint"
            ]
        }
    ],
    "shapeByType": {
        "*": { "base": "item/fishing/fishinghook" }
    },
    "texturesByType": {
        "fishinghook-flint": {
            "hookmaterial": { "base": "game:block/stone/{material}" }
        },
        "*": {
            "hookmaterial": { "base": "game:block/stone/rock/{material}1" }
        }
    },
    "creativeinventory": {
        "general": [ "*" ],
        "items": [ "*" ],
        "primitive": [ "*" ]
    },
    "fpHandTransform": {
        "translation": {
            "x": -0.5,
            "y": 0.4,
            "z": 0.4
        },
        "rotation": {
            "x": -34,
            "y": -180,
            "z": -179
        },
        "origin": {
            "x": 0.4,
            "y": 0.07,
            "z": 0.8
        },
        "scale": 0.86
    },
    "guiTransform": {
        "translation": {
            "x": -3,
            "y": -1.7,
            "z": 0
        },
        "rotation": {
            "x": -3,
            "y": -152,
            "z": 134
        },
        "origin": {
            "x": 0.49,
            "y": -0.04,
            "z": 0.56
        },
        "scale": 3.4
    },
    "groundTransform": {
        "translation": {
            "x": 0,
            "y": 0,
            "z": 0
        },
        "rotation": {
            "x": 90,
            "y": 0,
            "z": 0
        },
        "origin": {
            "x": 0.5,
            "y": 0,
            "z": 0.55
        },
        "scale": 3.5
    },

    "tpHandTransform": {
        "translation": {
            "x": -0.6,
            "y": -1.2,
            "z": -0.85
        },
        "rotation": {
            "x": 0,
            "y": -180,
            "z": -115
        },
        "scale": 0.53
    }
}
