{
  "ingredientPattern": "PPP	S_S",
  "width": 3,
  "height": 2,
  "ingredients": {
    "P": {
      "type": "item",
      "code": "game:plank-*",
      "name": "wood",
      "allowedVariants": [
        "birch",
        "oak",
        "maple",
        "pine",
        "acacia",
        "kapok",
        "aged"
      ]
    },
    "S": { "type": "block", "code": "primitivesurvival:trotline-middle-north" }
  },
  "output": {
    "type": "block",
    "code": "primitivesurvival:ropebridge-middle-{wood}-north",
    "quantity": 1
  }
}
