{
	"editor": {
		"allAngles": false,
		"entityTextureMode": false
	},
	"textureWidth": 16,
	"textureHeight": 16,
	"textureSizes": {
	},
	"textures": {
	},
	"elements": [
		{
			"name": "origin",
			"from": [ 16.0, 0.5, 8.0 ], 
			"to": [ 16.0, 0.5, 8.0 ], 
			"rotationOrigin": [ 8.0, 0.0, 8.0 ],
			"faces": {
				"north": { "texture": "#material", "uv": [ 0.0, 0.0, 0.5, 0.5 ], "enabled": false },
				"east": { "texture": "#material", "uv": [ 0.0, 0.0, 0.5, 0.5 ], "enabled": false },
				"south": { "texture": "#material", "uv": [ 0.0, 0.0, 0.5, 0.5 ], "enabled": false },
				"west": { "texture": "#material", "uv": [ 0.0, 0.0, 0.5, 0.5 ], "enabled": false },
				"up": { "texture": "#material", "uv": [ 0.0, 0.0, 0.5, 0.5 ], "enabled": false },
				"down": { "texture": "#material", "uv": [ 0.0, 0.0, 0.5, 0.5 ], "enabled": false }
			},
			"children": [
				{
					"name": "body1",
					"from": [ -10.0, 1.5, 0.0 ], 
					"to": [ -7.0, 2.0, 0.5 ], 
					"rotationOrigin": [ -8.0, 1.9, 2.6 ],
					"faces": {
						"north": { "texture": "#material", "uv": [ 5.0, 6.0, 8.0, 6.5 ] },
						"east": { "texture": "#material", "uv": [ 2.0, 5.0, 2.5, 5.5 ] },
						"south": { "texture": "#material", "uv": [ 4.5, 10.5, 7.5, 11.0 ] },
						"west": { "texture": "#material", "uv": [ 2.0, 6.0, 2.5, 6.5 ] },
						"up": { "texture": "#material", "uv": [ 4.0, 0.0, 4.5, 3.0 ], "rotation": 90 },
						"down": { "texture": "#material", "uv": [ 0.0, 3.0, 3.0, 3.5 ] }
					},
					"children": [
						{
							"name": "body2",
							"from": [ 3.0, -0.3, 0.0 ], 
							"to": [ 3.5, 0.2, 0.5 ], 
							"rotationOrigin": [ 5.0, -0.8, 2.6 ],
							"faces": {
								"north": { "texture": "#material", "uv": [ 3.0, 6.0, 3.5, 6.5 ] },
								"east": { "texture": "#material", "uv": [ 2.0, 5.0, 2.5, 5.5 ] },
								"south": { "texture": "#material", "uv": [ 2.0, 6.5, 2.5, 7.0 ] },
								"west": { "texture": "#material", "uv": [ 2.0, 6.0, 2.5, 6.5 ] },
								"up": { "texture": "#material", "uv": [ 4.0, 0.0, 4.5, 0.5 ], "rotation": 90 },
								"down": { "texture": "#material", "uv": [ 0.0, 3.0, 0.5, 3.5 ] }
							}
						},
						{
							"name": "body3",
							"from": [ 3.5, -1.1, 0.0 ], 
							"to": [ 4.0, -0.1, 0.5 ], 
							"rotationOrigin": [ 5.0, -1.3, 2.6 ],
							"faces": {
								"north": { "texture": "#material", "uv": [ 3.0, 7.0, 3.5, 8.0 ] },
								"east": { "texture": "#material", "uv": [ 2.0, 5.0, 2.5, 6.0 ] },
								"south": { "texture": "#material", "uv": [ 3.5, 6.0, 4.0, 7.0 ] },
								"west": { "texture": "#material", "uv": [ 2.0, 6.0, 2.5, 7.0 ] },
								"up": { "texture": "#material", "uv": [ 4.0, 0.0, 4.5, 0.5 ], "rotation": 90 },
								"down": { "texture": "#material", "uv": [ 0.0, 3.0, 0.5, 3.5 ] }
							}
						},
						{
							"name": "body4",
							"from": [ 2.7, -1.6, 0.0 ], 
							"to": [ 3.7, -1.1, 0.5 ], 
							"rotationOrigin": [ 4.0, -1.3, 2.6 ],
							"faces": {
								"north": { "texture": "#material", "uv": [ 8.5, 10.0, 9.5, 10.5 ] },
								"east": { "texture": "#material", "uv": [ 2.0, 5.0, 2.5, 5.5 ] },
								"south": { "texture": "#material", "uv": [ 0.0, 8.0, 1.0, 8.5 ] },
								"west": { "texture": "#material", "uv": [ 2.0, 6.0, 2.5, 6.5 ] },
								"up": { "texture": "#material", "uv": [ 4.0, 0.0, 4.5, 1.0 ], "rotation": 90 },
								"down": { "texture": "#material", "uv": [ 0.0, 3.0, 1.0, 3.5 ] }
							}
						}
					]
				}
			]
		}
	]}