{
  "code": "deadfall",
  "class": "blocktrap",
  "entityclass": "BlockEntityBerryBush",
  "attributes": {
    "maxAnimalHeight": 0.7,
    "maxDamageSet": 8,
    "maxDamageBaited": 16
  },
  "behaviors": [{ "name": "Unstable" }, { "name": "bbrebait" }],
  "blockmaterial": "Stone",
  "drawtype": "json",
  "lightabsorption": 20,
  "sideopaque": {
    "all": false
  },
  "sidesolid": {
    "all": false
  },
  "resistance": 0.75,
  "requiredminingtier": 0,
  "sounds": {
    "place": "game:walk/stone",
    "walk": "game:walk/stone"
  },
  "collisionbox": {
    "x1": 0.3125,
    "y1": 0,
    "z1": 0.3125,
    "x2": 0.6875,
    "y2": 0.125,
    "z2": 0.6875
  },

  "selectionbox": { "x1": 0, "y1": 0, "z1": 0, "x2": 1, "y2": 0.125, "z2": 1 },
  "guiTransform": {
    "translation": { "x": 0, "y": 7, "z": 0 },
    "origin": { "x": 0.5, "y": 0.0625, "z": 0.5 },
    "scale": 1.6
  },
  "groundTransform": {
    "scale": 1.5
  },
  "fpHandTransform": {
    "translation": { "x": 0, "y": 0.2, "z": 0 },
    "rotation": { "x": 0, "y": -14, "z": 0 },
    "scale": 1.5
  },
  "tpHandTransform": {
    "translation": { "x": -0.9, "y": -0.25, "z": -0.8 },
    "rotation": { "x": -28, "y": 69, "z": 2 },
    "origin": { "x": 0.5, "y": 0.1, "z": 0.5 },
    "scale": 0.66
  },
  "variantgroups": [
    { "code": "type", "states": ["set", "tripped", "baited"] },
    {
      "code": "rock",
      "states": ["granite", "andesite", "basalt", "obsidian", "peridotite"]
    }
  ],
  "drops": [{ "type": "block", "code": "deadfall-set-{rock}" }],
  "textures": {
    "rockmaterial": {
      "base": "game:block/stone/rock/{rock}1"
    },
    "woodmaterial": {
      "base": "game:block/wood/debarked/oak"
    },
    "baitmaterial": {
      "base": "primitivesurvival:block/bait"
    }
  },
  "shapeByType": {
    "*-tripped-*": { "base": "block/deadfall/deadfall-tripped" },
    "*-baited-*": { "base": "block/deadfall/deadfall-baited" },
    "*": { "base": "block/deadfall/deadfall-set" }
  },
  "creativeinventory": {
    "general": ["*-set*", "*-baited*"],
    "primitive": ["*-set*", "*-baited*"]
  }
}
