{
  "code": "fishbasket",
  "class": "BlockSeaweed",
  "entityclass": "befishbasket",
  "maxstacksize": 4,
  "behaviors": [{ "name": "bbcollectfish" }, { "name": "bbrebait" }],
  "variantgroups": [
    { "code": "fishCount", "states": ["empty", "baited", "1fish", "2fish"] }
  ],
  "shape": {
    "base": "block/fishbasket/fishbasket-{fishCount}"
  },
  "dropsbytype": {
    "*-1fish": [
      {
        "type": "item",
        "code": "psfish-bass-raw",
        "quantity": { "avg": 1 }
      },
      { "type": "block", "code": "fishbasket-empty", "quantity": { "avg": 1 } }
    ],
    "*-2fish": [
      {
        "type": "item",
        "code": "psfish-bass-raw",
        "quantity": { "avg": 2 }
      },
      { "type": "block", "code": "fishbasket-empty", "quantity": { "avg": 1 } }
    ],
    "*-empty": [
      { "type": "block", "code": "fishbasket-empty", "quantity": { "avg": 1 } }
    ],
    "*-baited": [
      { "type": "block", "code": "fishbasket-empty", "quantity": { "avg": 1 } }
    ]
  },
  "drawtype": "JSONAndWater",
  "renderpass": "liquid",
  "matterstate": "liquid",
  "blockmaterial": "liquid",
  "faceCullMode": "liquid",
  "liquidCode": "water",
  "liquidLevel": 7,
  "replaceable": 3000,
  "lightAbsorption": 2,
  "collisionbox": {
    "x1": 0.1,
    "y1": 0,
    "z1": 0,
    "x2": 0.9,
    "y2": 0.8,
    "z2": 0.9
  },
  "sideopaque": {
    "all": false
  },
  "sidesolid": {
    "all": false
  },
  "resistance": 0.75,
  "requiredminingtier": 0,
  "sounds": {
    "place": "game:walk/planks",
    "walk": "game:walk/planks"
  },

  "creativeinventory": {
    "general": ["*-empty*", "*-baited*"],
    "primitive": ["*-empty*", "*-baited*"]
  },
  "textures": {
    "stringmaterial": {
      "base": "game:block/fat"
    },
    "woodmaterial": {
      "base": "game:block/wood/debarked/oak"
    },
    "fish1material": {
      "base": "game:entity/fish-bass"
    },
    "baitmaterial": {
      "base": "primitivesurvival:block/bait"
    },
    "north": { "base": "game:block/liquid/water" },
    "east": { "base": "game:block/liquid/water" },
    "south": { "base": "game:block/liquid/water" },
    "west": { "base": "game:block/liquid/water" },
    "up": { "base": "game:block/liquid/water" },
    "down": { "base": "game:block/liquid/water" }
  },
  "guiTransform": {
    "translation": { "x": 0, "y": 9, "z": 0 },
    "origin": { "x": 0.5, "y": 0.0625, "z": 0.5 },
    "scale": 1.4
  },
  "fpHandTransform": {
    "rotation": { "x": 0, "y": 0, "z": 90 },
    "scale": 1.2
  },
  "tpHandTransform": {
    "translation": { "x": -0.9, "y": -0.1, "z": -0.8 },
    "rotation": { "x": -41, "y": 83, "z": 61 },
    "origin": { "x": 0.5, "y": 0.1, "z": 0.5 },
    "scale": 0.67
  },
  "selectionbox": {
    "x1": 0.1,
    "y1": 0,
    "z1": 0,
    "x2": 0.9,
    "y2": 0.8,
    "z2": 0.9
  }
}
