{
  "code": "snare",
  "class": "blocktrap",
  "entityclass": "BlockEntityBerryBush",
  "attributes": {
    "maxAnimalHeight": 0.8,
    "maxDamageSet": 10,
    "maxDamageBaited": 20
  },
  "behaviors": [{ "name": "Unstable" }, { "name": "bbrebait" }],
  "blockmaterial": "Wood",
  "drawtype": "json",
  "rainpermeable": true,
  "lightabsorption": 0,
  "sideopaque": {
    "all": false
  },
  "sidesolid": {
    "all": false
  },
  "resistance": 0.75,
  "requiredminingtier": 0,
  "sounds": {
    "place": "game:walk/planks",
    "walk": "game:walk/planks"
  },
  "collisionbox": {
    "x1": 0.3125,
    "y1": 0,
    "z1": 0.3125,
    "x2": 0.6875,
    "y2": 0.125,
    "z2": 0.6875
  },

  "selectionbox": { "x1": 0, "y1": 0, "z1": 0, "x2": 1, "y2": 0.125, "z2": 1 },
  "guiTransform": {
    "translation": { "x": 0, "y": 13, "z": 0 },
    "origin": { "x": 0.5, "y": 0, "z": 0.5 },
    "rotation": { "x": 30, "y": 30, "z": 0 },
    "scale": 1.3
  },
  "groundTransform": {
    "scale": 1.2
  },
  "fpHandTransform": {
    "translation": { "x": 0, "y": 0, "z": 0 },
    "rotation": { "x": 7, "y": -34, "z": 0 },
    "scale": 1.2
  },
  "tpHandTransform": {
    "translation": { "x": -0.6, "y": 0, "z": 0.3 },
    "rotation": { "x": 3, "y": -85, "z": -20 },
    "origin": { "x": 0, "y": 0, "z": 0 },
    "scale": 0.84
  },
  "variantgroups": [{ "code": "type", "states": ["set", "tripped", "baited"] }],
  "drops": [{ "type": "block", "code": "snare-set" }],
  "textures": {
    "stringmaterial": {
      "base": "game:block/fat"
    },
    "woodmaterial": {
      "base": "game:block/wood/debarked/oak"
    },
    "baitmaterial": {
      "base": "primitivesurvival:block/bait"
    }
  },
  "shapeByType": {
    "*-tripped": { "base": "block/snare/snare-tripped" },
    "*-baited": { "base": "block/snare/snare-baited" },
    "*": { "base": "block/snare/snare-set" }
  },
  "creativeinventory": {
    "general": ["*-set*", "*-baited*"],
    "primitive": ["*-set*", "*-baited*"]
  }
}
