{
  "code": "trotline",
  "class": "blocktrotline",
  "entityclass": "betrotline",
  "behaviors": [{ "name": "bbcollectfish" }, { "name": "bbrebait" }],
  "lightabsorption": 5,
  "variantgroups": [
    {
      "code": "parts",
      "states": ["middle", "hook", "hookbaited", "1fish", "closeend", "farend"]
    },
    { "loadFromProperties": "abstract/horizontalorientation" }
  ],
  "shapebytype": {
    "*-north": {
      "base": "block/trotline/trotline-{parts}",
      "rotateY": 0
    },
    "*-east": {
      "base": "block/trotline/trotline-{parts}",
      "rotateY": 270
    },
    "*-south": {
      "base": "block/trotline/trotline-{parts}",
      "rotateY": 180
    },
    "*-west": {
      "base": "block/trotline/trotline-{parts}",
      "rotateY": 90
    }
  },
  "shapeinventory": {
    "base": "block/trotline/trotline-gui"
  },

  "dropsbytype": {
    "*-1fish-*": [
      {
        "type": "item",
        "code": "psfish-bass-raw",
        "quantity": { "avg": 1 }
      },
      {
        "type": "block",
        "code": "trotline-middle-north",
        "quantity": { "avg": 1 }
      },
      {
        "type": "item",
        "code": "fishinghook",
        "quantity": { "avg": 1 }
      }
    ],
    "*-closeend-*": [
      {
        "type": "block",
        "code": "trotline-middle-north",
        "quantity": { "avg": 1 }
      }
    ],
    "*-farend-*": [
      {
        "type": "block",
        "code": "trotline-middle-north",
        "quantity": { "avg": 1 }
      }
    ],
    "*-middle-*": [
      {
        "type": "block",
        "code": "trotline-middle-north",
        "quantity": { "avg": 1 }
      }
    ],
    "*-hook-*": [
      {
        "type": "block",
        "code": "trotline-middle-north",
        "quantity": { "avg": 1 }
      },
      {
        "type": "item",
        "code": "fishinghook",
        "quantity": { "avg": 1 }
      }
    ],
    "*-hookbaited-*": [
      {
        "type": "block",
        "code": "trotline-middle-north",
        "quantity": { "avg": 1 }
      },
      {
        "type": "item",
        "code": "fishinghook",
        "quantity": { "avg": 1 }
      }
    ]
  },
  "blockmaterial": "Wood",
  "drawtype": "json",
  "selectionboxesByType": {
    "*-closeend-south": [
      { "x1": 0.3, "y1": 0, "z1": 0.6, "x2": 0.7, "y2": 0.2, "z2": 1 }
    ],
    "*-farend-north": [
      { "x1": 0.3, "y1": 0, "z1": 0.6, "x2": 0.7, "y2": 0.2, "z2": 1 }
    ],
    "*-closeend-east": [
      { "x1": 0.6, "y1": 0, "z1": 0.3, "x2": 1, "y2": 0.2, "z2": 0.7 }
    ],
    "*-farend-west": [
      { "x1": 0.6, "y1": 0, "z1": 0.3, "x2": 1, "y2": 0.2, "z2": 0.7 }
    ],
    "*-farend-south": [
      { "x1": 0.3, "y1": 0, "z1": 0, "x2": 0.7, "y2": 0.2, "z2": 0.4 }
    ],
    "*-closeend-north": [
      { "x1": 0.3, "y1": 0, "z1": 0, "x2": 0.7, "y2": 0.2, "z2": 0.4 }
    ],
    "*-farend-east": [
      { "x1": 0, "y1": 0, "z1": 0.3, "x2": 0.4, "y2": 0.2, "z2": 0.7 }
    ],
    "*-closeend-west": [
      { "x1": 0, "y1": 0, "z1": 0.3, "x2": 0.4, "y2": 0.2, "z2": 0.7 }
    ],
    "*th": [{ "x1": 0.3, "y1": -0.2, "z1": 0, "x2": 0.7, "y2": 0.2, "z2": 1 }],
    "*st": [{ "x1": 0, "y1": -0.2, "z1": 0.3, "x2": 1, "y2": 0.2, "z2": 0.7 }]
  },

  "collisionbox": {
    "x1": 0,
    "y1": 0,
    "z1": 0,
    "x2": 0,
    "y2": 0,
    "z2": 0
  },
  "sideopaque": {
    "all": false
  },
  "sidesolid": {
    "all": false
  },
  "resistance": 0.75,
  "requiredminingtier": 0,
  "sounds": {
    "place": "game:walk/planks",
    "walk": "game:walk/planks"
  },
  "creativeinventory": {
    "general": ["*-middle-north"],
    "primitive": ["*-middle-north"]
  },
  "textures": {
    "stringmaterial": {
      "base": "game:block/vines/basket/normal-northsouth"
    },
    "hookmaterial": {
      "base": "game:block/stone/flint"
    },
    "woodmaterial": {
      "base": "game:block/wood/debarked/pine"
    },
    "baitmaterial": {
      "base": "primitivesurvival:block/bait"
    },
    "fish1material": {
      "base": "game:entity/fish-bass"
    },
    "north": { "base": "game:block/liquid/water" },
    "east": { "base": "game:block/liquid/water" },
    "south": { "base": "game:block/liquid/water" },
    "west": { "base": "game:block/liquid/water" },
    "up": { "base": "game:block/liquid/water" },
    "down": { "base": "game:block/liquid/water" }
  },
  "guiTransform": {
    "translation": { "x": 0, "y": 7, "z": 0 },
    "origin": { "x": 0.5, "y": 0.0625, "z": 0.5 },
    "scale": 3
  },
  "fpHandTransform": {
    "translation": { "x": 0, "y": 0.1, "z": 0 },
    "rotation": { "x": -6, "y": -74, "z": -22 },
    "origin": { "x": 0.5, "y": 0.1, "z": 0.5 },
    "scale": 2
  },
  "tpHandTransform": {
    "translation": { "x": -0.7, "y": -0.1, "z": 0.25 },
    "rotation": { "x": 29, "y": -115, "z": -22 },
    "origin": { "x": 0, "y": 0, "z": 0 },
    "scale": 1.27
  },
  "vertexFlagsbyType": {
    "*end-*": {
      "waterWave": false
    },
    "*": {
      "waterWave": true
    }
  }
}
