{
  "ingredientPattern": "P,B",
  "ingredients": {
    "P": {
      "type": "block",
      "code": "primitivesurvival:deadfall-set-*",
      "name": "stone",
      "allowedVariants": [
        "granite",
        "andesite",
        "basalt",
        "obsidian",
        "peridotite"
      ]
    },
    "B": { "type": "item", "code": "game:fruit-*" }
  },
  "shapeless": true,
  "width": 1,
  "height": 2,
  "output": {
    "type": "block",
    "code": "primitivesurvival:deadfall-baited-{stone}"
  }
}
