{
  "ingredientPattern": "P_	BS",
  "width": 2,
  "height": 2,
  "ingredients": {
    "P": {
      "type": "item",
      "code": "game:stone-*",
      "name": "stone",
      "allowedVariants": [
        "granite",
        "andesite",
        "basalt",
        "obsidian",
        "peridotite"
      ]
    },
    "B": { "type": "item", "code": "game:fruit-*" },
    "S": { "type": "item", "code": "game:stick" }
  },
  "output": {
    "type": "block",
    "code": "primitivesurvival:deadfall-baited-{stone}"
  }
}
