{
	"editor": {
		"allAngles": false,
		"entityTextureMode": false
	},
	"textureWidth": 16,
	"textureHeight": 16,
	"textureSizes": {
	},
	"textures": {
	},
	"elements": [
		{
			"name": "origin",
			"from": [ 16.0, 0.0, 15.8 ], 
			"to": [ 16.0, 0.0, 15.8 ], 
			"rotationOrigin": [ 8.0, -1.0, 15.92 ],
			"rotationY": -90.0,
			"faces": {
				"north": { "texture": "#stringmaterial", "uv": [ 0.0, 0.0, 0.5, 0.5 ], "enabled": false },
				"east": { "texture": "#stringmaterial", "uv": [ 0.0, 0.0, 0.5, 0.5 ], "enabled": false },
				"south": { "texture": "#stringmaterial", "uv": [ 0.0, 0.0, 0.5, 0.5 ], "enabled": false },
				"west": { "texture": "#stringmaterial", "uv": [ 0.0, 0.0, 0.5, 0.5 ], "enabled": false },
				"up": { "texture": "#stringmaterial", "uv": [ 0.0, 0.0, 0.5, 0.5 ], "enabled": false },
				"down": { "texture": "#stringmaterial", "uv": [ 0.0, 0.0, 0.5, 0.5 ], "enabled": false }
			},
			"children": [
				{
					"name": "body1",
					"from": [ -16.0, 1.0, 0.0 ], 
					"to": [ -15.2, 1.25, 0.25 ], 
					"rotationOrigin": [ -13.9, 0.9, 2.6 ],
					"faces": {
						"north": { "texture": "#stringmaterial", "uv": [ 5.0, 6.0, 5.5, 6.5 ] },
						"east": { "texture": "#stringmaterial", "uv": [ 2.0, 5.0, 2.5, 5.5 ] },
						"south": { "texture": "#stringmaterial", "uv": [ 4.5, 10.5, 5.0, 11.0 ] },
						"west": { "texture": "#stringmaterial", "uv": [ 2.0, 6.0, 2.5, 6.5 ] },
						"up": { "texture": "#stringmaterial", "uv": [ 4.0, 0.0, 4.5, 0.5 ], "rotation": 90 },
						"down": { "texture": "#stringmaterial", "uv": [ 0.0, 3.0, 0.5, 3.5 ] }
					}
				},
				{
					"name": "body4",
					"from": [ -13.0, 1.3, -1.5 ], 
					"to": [ -12.75, 1.55, -0.1 ], 
					"rotationOrigin": [ -11.0, 0.9, 1.6 ],
					"rotationX": 12.5,
					"faces": {
						"north": { "texture": "#stringmaterial", "uv": [ 5.0, 6.0, 5.5, 6.5 ] },
						"east": { "texture": "#stringmaterial", "uv": [ 2.0, 5.0, 3.0, 5.5 ] },
						"south": { "texture": "#stringmaterial", "uv": [ 4.5, 10.5, 5.0, 11.0 ] },
						"west": { "texture": "#stringmaterial", "uv": [ 2.0, 6.0, 3.0, 6.5 ] },
						"up": { "texture": "#stringmaterial", "uv": [ 4.0, 0.0, 5.0, 0.5 ], "rotation": 90 },
						"down": { "texture": "#stringmaterial", "uv": [ 0.0, 3.0, 0.5, 4.0 ] }
					}
				},
				{
					"name": "body5",
					"from": [ -15.0, 1.55, 0.0 ], 
					"to": [ -12.5, 1.8, 0.25 ], 
					"rotationOrigin": [ -13.0, 0.9, 2.6 ],
					"rotationZ": 15.0,
					"faces": {
						"north": { "texture": "#stringmaterial", "uv": [ 5.0, 6.0, 7.5, 6.5 ] },
						"east": { "texture": "#stringmaterial", "uv": [ 2.0, 5.0, 2.5, 5.5 ] },
						"south": { "texture": "#stringmaterial", "uv": [ 4.5, 10.5, 7.0, 11.0 ] },
						"west": { "texture": "#stringmaterial", "uv": [ 2.0, 6.0, 2.5, 6.5 ] },
						"up": { "texture": "#stringmaterial", "uv": [ 4.0, 0.0, 4.5, 2.5 ], "rotation": 90 },
						"down": { "texture": "#stringmaterial", "uv": [ 0.0, 3.0, 2.5, 3.5 ] }
					}
				},
				{
					"name": "body6",
					"from": [ -14.0, 2.1, -1.25 ], 
					"to": [ -12.5, 2.35, -1.0 ], 
					"rotationOrigin": [ -12.0, 0.9, 1.6 ],
					"rotationZ": 12.5,
					"faces": {
						"north": { "texture": "#stringmaterial", "uv": [ 5.0, 6.0, 6.5, 6.5 ] },
						"east": { "texture": "#stringmaterial", "uv": [ 2.0, 5.0, 2.5, 5.5 ] },
						"south": { "texture": "#stringmaterial", "uv": [ 4.5, 10.5, 6.0, 11.0 ] },
						"west": { "texture": "#stringmaterial", "uv": [ 2.0, 6.0, 2.5, 6.5 ] },
						"up": { "texture": "#stringmaterial", "uv": [ 4.0, 0.0, 4.5, 1.5 ], "rotation": 90 },
						"down": { "texture": "#stringmaterial", "uv": [ 0.0, 3.0, 1.5, 3.5 ] }
					}
				},
				{
					"name": "body7",
					"from": [ -15.95, 0.8, -0.9 ], 
					"to": [ -15.7, 1.05, 1.0 ], 
					"rotationOrigin": [ -14.7, 1.7, 2.0 ],
					"rotationX": 15.5,
					"rotationY": -32.5,
					"faces": {
						"north": { "texture": "#stringmaterial", "uv": [ 5.0, 6.0, 5.5, 6.5 ] },
						"east": { "texture": "#stringmaterial", "uv": [ 2.0, 5.0, 3.5, 5.5 ] },
						"south": { "texture": "#stringmaterial", "uv": [ 4.5, 10.5, 5.0, 11.0 ] },
						"west": { "texture": "#stringmaterial", "uv": [ 2.0, 6.0, 3.5, 6.5 ] },
						"up": { "texture": "#stringmaterial", "uv": [ 4.0, 0.0, 5.5, 0.5 ], "rotation": 90 },
						"down": { "texture": "#stringmaterial", "uv": [ 0.0, 3.0, 0.5, 4.5 ] }
					}
				},
				{
					"name": "Cube1",
					"from": [ -13.88, 0.0, -0.88 ], 
					"to": [ -13.13, 3.0, -0.13 ], 
					"rotationOrigin": [ -1.0, 0.0, -2.0 ],
					"faces": {
						"north": { "texture": "#woodmaterial", "uv": [ 0.0, 0.0, 0.5, 3.0 ] },
						"east": { "texture": "#woodmaterial", "uv": [ 0.0, 0.0, 0.5, 3.0 ] },
						"south": { "texture": "#woodmaterial", "uv": [ 0.0, 0.0, 0.5, 3.0 ] },
						"west": { "texture": "#woodmaterial", "uv": [ 0.0, 0.0, 0.5, 3.0 ] },
						"up": { "texture": "#woodmaterial", "uv": [ 0.0, 0.0, 0.5, 0.5 ] },
						"down": { "texture": "#woodmaterial", "uv": [ 0.0, 0.0, 0.5, 0.5 ] }
					}
				},
				{
					"name": "Cube8",
					"from": [ -13.12, 3.0, -0.88 ], 
					"to": [ -11.87, 3.75, 0.37 ], 
					"rotationOrigin": [ -12.875, 3.0, -0.875 ],
					"rotationY": -90.0,
					"faces": {
						"north": { "texture": "#woodmaterial", "uv": [ 0.0, 0.0, 1.0, 0.5 ] },
						"east": { "texture": "#woodmaterial", "uv": [ 0.0, 0.0, 1.0, 0.5 ] },
						"south": { "texture": "#woodmaterial", "uv": [ 0.0, 0.0, 1.0, 0.5 ] },
						"west": { "texture": "#woodmaterial", "uv": [ 0.0, 0.0, 1.0, 0.5 ] },
						"up": { "texture": "#woodmaterial", "uv": [ 0.0, 0.0, 1.0, 1.0 ] },
						"down": { "texture": "#woodmaterial", "uv": [ 0.0, 0.0, 1.0, 1.0 ] }
					}
				},
				{
					"name": "Cube9",
					"from": [ -13.0, 0.0, -0.5 ], 
					"to": [ -12.88, 3.5, 0.0 ], 
					"rotationOrigin": [ -12.875, 0.0, -0.875 ],
					"rotationY": -90.0,
					"faces": {
						"north": { "texture": "#woodmaterial", "uv": [ 0.0, 0.0, 0.5, 3.5 ] },
						"east": { "texture": "#woodmaterial", "uv": [ 0.0, 0.0, 0.5, 3.5 ] },
						"south": { "texture": "#woodmaterial", "uv": [ 0.0, 0.0, 0.5, 3.5 ] },
						"west": { "texture": "#woodmaterial", "uv": [ 0.0, 0.0, 0.5, 3.5 ] },
						"up": { "texture": "#woodmaterial", "uv": [ 0.0, 0.0, 0.5, 0.5 ] },
						"down": { "texture": "#woodmaterial", "uv": [ 0.0, 0.0, 0.5, 0.5 ] }
					}
				},
				{
					"name": "Cube10",
					"from": [ -14.0, 0.0, -0.75 ], 
					"to": [ -13.88, 3.5, -0.25 ], 
					"rotationOrigin": [ 0.0, 0.0, -1.0 ],
					"faces": {
						"north": { "texture": "#woodmaterial", "uv": [ 0.0, 0.0, 0.5, 3.5 ] },
						"east": { "texture": "#woodmaterial", "uv": [ 0.0, 0.0, 0.5, 3.5 ] },
						"south": { "texture": "#woodmaterial", "uv": [ 0.0, 0.0, 0.5, 3.5 ] },
						"west": { "texture": "#woodmaterial", "uv": [ 0.0, 0.0, 0.5, 3.5 ] },
						"up": { "texture": "#woodmaterial", "uv": [ 0.0, 0.0, 0.5, 0.5 ] },
						"down": { "texture": "#woodmaterial", "uv": [ 0.0, 0.0, 0.5, 0.5 ] }
					}
				},
				{
					"name": "Cube11",
					"from": [ -13.12, 0.0, -0.75 ], 
					"to": [ -13.0, 3.5, -0.25 ], 
					"rotationOrigin": [ 1.0, 0.0, -1.0 ],
					"faces": {
						"north": { "texture": "#woodmaterial", "uv": [ 0.0, 0.0, 0.5, 3.5 ] },
						"east": { "texture": "#woodmaterial", "uv": [ 0.0, 0.0, 0.5, 3.5 ] },
						"south": { "texture": "#woodmaterial", "uv": [ 0.0, 0.0, 0.5, 3.5 ] },
						"west": { "texture": "#woodmaterial", "uv": [ 0.0, 0.0, 0.5, 3.5 ] },
						"up": { "texture": "#woodmaterial", "uv": [ 0.0, 0.0, 0.5, 0.5 ] },
						"down": { "texture": "#woodmaterial", "uv": [ 0.0, 0.0, 0.5, 0.5 ] }
					}
				},
				{
					"name": "Cube12",
					"from": [ -16.0, 0.0, 0.25 ], 
					"to": [ -15.88, 3.5, 0.75 ], 
					"rotationOrigin": [ -15.0, 0.0, -1.0 ],
					"rotationY": 90.0,
					"faces": {
						"north": { "texture": "#woodmaterial", "uv": [ 0.0, 0.0, 0.5, 3.5 ] },
						"east": { "texture": "#woodmaterial", "uv": [ 0.0, 0.0, 0.5, 3.5 ] },
						"south": { "texture": "#woodmaterial", "uv": [ 0.0, 0.0, 0.5, 3.5 ] },
						"west": { "texture": "#woodmaterial", "uv": [ 0.0, 0.0, 0.5, 3.5 ] },
						"up": { "texture": "#woodmaterial", "uv": [ 0.0, 0.0, 0.5, 0.5 ] },
						"down": { "texture": "#woodmaterial", "uv": [ 0.0, 0.0, 0.5, 0.5 ] }
					}
				},
				{
					"name": "Cube13",
					"from": [ -13.0, 3.0, -1.0 ], 
					"to": [ -12.0, 3.5, -0.75 ], 
					"rotationOrigin": [ -12.875, 3.0, -0.875 ],
					"rotationY": -90.0,
					"faces": {
						"north": { "texture": "#woodmaterial", "uv": [ 0.0, 0.0, 1.0, 0.5 ] },
						"east": { "texture": "#woodmaterial", "uv": [ 0.0, 0.0, 0.5, 0.5 ] },
						"south": { "texture": "#woodmaterial", "uv": [ 0.0, 0.0, 1.0, 0.5 ] },
						"west": { "texture": "#woodmaterial", "uv": [ 0.0, 0.0, 0.5, 0.5 ] },
						"up": { "texture": "#woodmaterial", "uv": [ 0.0, 0.0, 1.0, 0.5 ] },
						"down": { "texture": "#woodmaterial", "uv": [ 0.0, 0.0, 1.0, 0.5 ] }
					}
				},
				{
					"name": "Cube14",
					"from": [ -14.0, 3.0, -0.75 ], 
					"to": [ -13.0, 3.5, -0.5 ], 
					"rotationOrigin": [ -13.875, 3.0, -0.875 ],
					"rotationY": -90.0,
					"faces": {
						"north": { "texture": "#woodmaterial", "uv": [ 0.0, 0.0, 1.0, 0.5 ] },
						"east": { "texture": "#woodmaterial", "uv": [ 0.0, 0.0, 0.5, 0.5 ] },
						"south": { "texture": "#woodmaterial", "uv": [ 0.0, 0.0, 1.0, 0.5 ] },
						"west": { "texture": "#woodmaterial", "uv": [ 0.0, 0.0, 0.5, 0.5 ] },
						"up": { "texture": "#woodmaterial", "uv": [ 0.0, 0.0, 1.0, 0.5 ] },
						"down": { "texture": "#woodmaterial", "uv": [ 0.0, 0.0, 1.0, 0.5 ] }
					}
				},
				{
					"name": "Cube15",
					"from": [ -13.25, 3.0, -0.75 ], 
					"to": [ -13.0, 3.5, 0.25 ], 
					"rotationOrigin": [ -12.875, 3.0, -0.875 ],
					"rotationY": -90.0,
					"faces": {
						"north": { "texture": "#woodmaterial", "uv": [ 0.0, 0.0, 0.5, 0.5 ] },
						"east": { "texture": "#woodmaterial", "uv": [ 0.0, 0.0, 1.0, 0.5 ] },
						"south": { "texture": "#woodmaterial", "uv": [ 0.0, 0.0, 0.5, 0.5 ] },
						"west": { "texture": "#woodmaterial", "uv": [ 0.0, 0.0, 1.0, 0.5 ] },
						"up": { "texture": "#woodmaterial", "uv": [ 0.0, 0.0, 0.5, 1.0 ] },
						"down": { "texture": "#woodmaterial", "uv": [ 0.0, 0.0, 0.5, 1.0 ] }
					}
				},
				{
					"name": "Cube16",
					"from": [ -13.0, 3.0, 0.25 ], 
					"to": [ -12.75, 3.5, 1.25 ], 
					"rotationOrigin": [ -12.875, 3.0, 0.125 ],
					"rotationY": -90.0,
					"faces": {
						"north": { "texture": "#woodmaterial", "uv": [ 0.0, 0.0, 0.5, 0.5 ] },
						"east": { "texture": "#woodmaterial", "uv": [ 0.0, 0.0, 1.0, 0.5 ] },
						"south": { "texture": "#woodmaterial", "uv": [ 0.0, 0.0, 0.5, 0.5 ] },
						"west": { "texture": "#woodmaterial", "uv": [ 0.0, 0.0, 1.0, 0.5 ] },
						"up": { "texture": "#woodmaterial", "uv": [ 0.0, 0.0, 0.5, 1.0 ] },
						"down": { "texture": "#woodmaterial", "uv": [ 0.0, 0.0, 0.5, 1.0 ] }
					}
				},
				{
					"name": "body17",
					"from": [ -15.2, 0.7, 0.25 ], 
					"to": [ -14.95, 1.5, 0.5 ], 
					"rotationOrigin": [ -13.1, 0.6, 2.8 ],
					"faces": {
						"north": { "texture": "#stringmaterial", "uv": [ 5.0, 6.0, 5.5, 6.5 ] },
						"east": { "texture": "#stringmaterial", "uv": [ 2.0, 5.0, 2.5, 5.5 ] },
						"south": { "texture": "#stringmaterial", "uv": [ 4.5, 10.5, 5.0, 11.0 ] },
						"west": { "texture": "#stringmaterial", "uv": [ 2.0, 6.0, 2.5, 6.5 ] },
						"up": { "texture": "#stringmaterial", "uv": [ 4.0, 0.0, 4.5, 0.5 ], "rotation": 90 },
						"down": { "texture": "#stringmaterial", "uv": [ 0.0, 3.0, 0.5, 3.5 ] }
					}
				},
				{
					"name": "body18",
					"from": [ -14.6, 0.7, -1.65 ], 
					"to": [ -14.35, 0.95, -0.9 ], 
					"rotationOrigin": [ -12.5, 0.6, 0.8 ],
					"rotationY": 32.5,
					"faces": {
						"north": { "texture": "#stringmaterial", "uv": [ 5.0, 6.0, 5.5, 6.5 ] },
						"east": { "texture": "#stringmaterial", "uv": [ 2.0, 5.0, 2.5, 5.5 ] },
						"south": { "texture": "#stringmaterial", "uv": [ 4.5, 10.5, 5.0, 11.0 ] },
						"west": { "texture": "#stringmaterial", "uv": [ 2.0, 6.0, 2.5, 6.5 ] },
						"up": { "texture": "#stringmaterial", "uv": [ 4.0, 0.0, 4.5, 0.5 ], "rotation": 90 },
						"down": { "texture": "#stringmaterial", "uv": [ 0.0, 3.0, 0.5, 3.5 ] }
					}
				},
				{
					"name": "body19",
					"from": [ -15.6, 0.7, -0.25 ], 
					"to": [ -15.35, 1.5, 0.0 ], 
					"rotationOrigin": [ -13.5, 0.6, 2.3 ],
					"faces": {
						"north": { "texture": "#stringmaterial", "uv": [ 5.0, 6.0, 5.5, 6.5 ] },
						"east": { "texture": "#stringmaterial", "uv": [ 2.0, 5.0, 2.5, 5.5 ] },
						"south": { "texture": "#stringmaterial", "uv": [ 4.5, 10.5, 5.0, 11.0 ] },
						"west": { "texture": "#stringmaterial", "uv": [ 2.0, 6.0, 2.5, 6.5 ] },
						"up": { "texture": "#stringmaterial", "uv": [ 4.0, 0.0, 4.5, 0.5 ], "rotation": 90 },
						"down": { "texture": "#stringmaterial", "uv": [ 0.0, 3.0, 0.5, 3.5 ] }
					}
				},
				{
					"name": "body20",
					"from": [ -15.6, 0.7, 0.25 ], 
					"to": [ -15.35, 1.5, 0.5 ], 
					"rotationOrigin": [ -13.5, 0.6, 2.8 ],
					"faces": {
						"north": { "texture": "#stringmaterial", "uv": [ 5.0, 6.0, 5.5, 6.5 ] },
						"east": { "texture": "#stringmaterial", "uv": [ 2.0, 5.0, 2.5, 5.5 ] },
						"south": { "texture": "#stringmaterial", "uv": [ 4.5, 10.5, 5.0, 11.0 ] },
						"west": { "texture": "#stringmaterial", "uv": [ 2.0, 6.0, 2.5, 6.5 ] },
						"up": { "texture": "#stringmaterial", "uv": [ 4.0, 0.0, 4.5, 0.5 ], "rotation": 90 },
						"down": { "texture": "#stringmaterial", "uv": [ 0.0, 3.0, 0.5, 3.5 ] }
					}
				},
				{
					"name": "body21",
					"from": [ -15.0, 0.7, -1.65 ], 
					"to": [ -14.75, 0.95, -0.9 ], 
					"rotationOrigin": [ -12.9, 0.6, 0.8 ],
					"rotationY": 32.5,
					"faces": {
						"north": { "texture": "#stringmaterial", "uv": [ 5.0, 6.0, 5.5, 6.5 ] },
						"east": { "texture": "#stringmaterial", "uv": [ 2.0, 5.0, 2.5, 5.5 ] },
						"south": { "texture": "#stringmaterial", "uv": [ 4.5, 10.5, 5.0, 11.0 ] },
						"west": { "texture": "#stringmaterial", "uv": [ 2.0, 6.0, 2.5, 6.5 ] },
						"up": { "texture": "#stringmaterial", "uv": [ 4.0, 0.0, 4.5, 0.5 ], "rotation": 90 },
						"down": { "texture": "#stringmaterial", "uv": [ 0.0, 3.0, 0.5, 3.5 ] }
					}
				},
				{
					"name": "body22",
					"from": [ -16.0, 0.7, -0.25 ], 
					"to": [ -15.75, 1.5, 0.0 ], 
					"rotationOrigin": [ -13.9, 0.6, 2.3 ],
					"faces": {
						"north": { "texture": "#stringmaterial", "uv": [ 5.0, 6.0, 5.5, 6.5 ] },
						"east": { "texture": "#stringmaterial", "uv": [ 2.0, 5.0, 2.5, 5.5 ] },
						"south": { "texture": "#stringmaterial", "uv": [ 4.5, 10.5, 5.0, 11.0 ] },
						"west": { "texture": "#stringmaterial", "uv": [ 2.0, 6.0, 2.5, 6.5 ] },
						"up": { "texture": "#stringmaterial", "uv": [ 4.0, 0.0, 4.5, 0.5 ], "rotation": 90 },
						"down": { "texture": "#stringmaterial", "uv": [ 0.0, 3.0, 0.5, 3.5 ] }
					}
				},
				{
					"name": "body23",
					"from": [ -15.6, 1.3, -0.25 ], 
					"to": [ -15.35, 1.55, 0.5 ], 
					"rotationOrigin": [ -13.5, 0.2, 2.3 ],
					"faces": {
						"north": { "texture": "#stringmaterial", "uv": [ 5.0, 6.0, 5.5, 6.5 ] },
						"east": { "texture": "#stringmaterial", "uv": [ 2.0, 5.0, 2.5, 5.5 ] },
						"south": { "texture": "#stringmaterial", "uv": [ 4.5, 10.5, 5.0, 11.0 ] },
						"west": { "texture": "#stringmaterial", "uv": [ 2.0, 6.0, 2.5, 6.5 ] },
						"up": { "texture": "#stringmaterial", "uv": [ 4.0, 0.0, 4.5, 0.5 ], "rotation": 90 },
						"down": { "texture": "#stringmaterial", "uv": [ 0.0, 3.0, 0.5, 3.5 ] }
					}
				},
				{
					"name": "body24",
					"from": [ -16.0, 1.3, -0.25 ], 
					"to": [ -15.75, 1.55, 0.5 ], 
					"rotationOrigin": [ -13.9, 0.2, 2.3 ],
					"faces": {
						"north": { "texture": "#stringmaterial", "uv": [ 5.0, 6.0, 5.5, 6.5 ] },
						"east": { "texture": "#stringmaterial", "uv": [ 2.0, 5.0, 2.5, 5.5 ] },
						"south": { "texture": "#stringmaterial", "uv": [ 4.5, 10.5, 5.0, 11.0 ] },
						"west": { "texture": "#stringmaterial", "uv": [ 2.0, 6.0, 2.5, 6.5 ] },
						"up": { "texture": "#stringmaterial", "uv": [ 4.0, 0.0, 4.5, 0.5 ], "rotation": 90 },
						"down": { "texture": "#stringmaterial", "uv": [ 0.0, 3.0, 0.5, 3.5 ] }
					}
				},
				{
					"name": "body25",
					"from": [ -16.0, 0.7, 0.25 ], 
					"to": [ -15.75, 1.5, 0.5 ], 
					"rotationOrigin": [ -13.9, 0.6, 2.8 ],
					"faces": {
						"north": { "texture": "#stringmaterial", "uv": [ 5.0, 6.0, 5.5, 6.5 ] },
						"east": { "texture": "#stringmaterial", "uv": [ 2.0, 5.0, 2.5, 5.5 ] },
						"south": { "texture": "#stringmaterial", "uv": [ 4.5, 10.5, 5.0, 11.0 ] },
						"west": { "texture": "#stringmaterial", "uv": [ 2.0, 6.0, 2.5, 6.5 ] },
						"up": { "texture": "#stringmaterial", "uv": [ 4.0, 0.0, 4.5, 0.5 ], "rotation": 90 },
						"down": { "texture": "#stringmaterial", "uv": [ 0.0, 3.0, 0.5, 3.5 ] }
					}
				},
				{
					"name": "Cube26",
					"from": [ -13.78, -0.5, -0.78 ], 
					"to": [ -13.23, 0.0, -0.23 ], 
					"rotationOrigin": [ -0.9, -0.5, -1.9 ],
					"faces": {
						"north": { "texture": "#woodmaterial", "uv": [ 0.0, 0.0, 0.5, 0.5 ] },
						"east": { "texture": "#woodmaterial", "uv": [ 0.0, 0.0, 0.5, 0.5 ] },
						"south": { "texture": "#woodmaterial", "uv": [ 0.0, 0.0, 0.5, 0.5 ] },
						"west": { "texture": "#woodmaterial", "uv": [ 0.0, 0.0, 0.5, 0.5 ] },
						"up": { "texture": "#woodmaterial", "uv": [ 0.0, 0.0, 0.5, 0.5 ] },
						"down": { "texture": "#woodmaterial", "uv": [ 0.0, 0.0, 0.5, 0.5 ] }
					}
				},
				{
					"name": "Cube27",
					"from": [ -13.68, -0.8, -0.68 ], 
					"to": [ -13.33, -0.5, -0.33 ], 
					"rotationOrigin": [ -0.8, -0.8, -1.8 ],
					"faces": {
						"north": { "texture": "#woodmaterial", "uv": [ 0.0, 0.0, 0.5, 0.5 ] },
						"east": { "texture": "#woodmaterial", "uv": [ 0.0, 0.0, 0.5, 0.5 ] },
						"south": { "texture": "#woodmaterial", "uv": [ 0.0, 0.0, 0.5, 0.5 ] },
						"west": { "texture": "#woodmaterial", "uv": [ 0.0, 0.0, 0.5, 0.5 ] },
						"up": { "texture": "#woodmaterial", "uv": [ 0.0, 0.0, 0.5, 0.5 ] },
						"down": { "texture": "#woodmaterial", "uv": [ 0.0, 0.0, 0.5, 0.5 ] }
					}
				}
			]
		},
		{
			"name": "origin28",
			"from": [ 16.0, 0.0, -0.2 ], 
			"to": [ 16.0, 0.0, -0.2 ], 
			"rotationOrigin": [ 8.0, -1.0, -0.08 ],
			"rotationY": 90.0,
			"faces": {
				"north": { "texture": "#stringmaterial", "uv": [ 0.0, 0.0, 0.5, 0.5 ], "enabled": false },
				"east": { "texture": "#stringmaterial", "uv": [ 0.0, 0.0, 0.5, 0.5 ], "enabled": false },
				"south": { "texture": "#stringmaterial", "uv": [ 0.0, 0.0, 0.5, 0.5 ], "enabled": false },
				"west": { "texture": "#stringmaterial", "uv": [ 0.0, 0.0, 0.5, 0.5 ], "enabled": false },
				"up": { "texture": "#stringmaterial", "uv": [ 0.0, 0.0, 0.5, 0.5 ], "enabled": false },
				"down": { "texture": "#stringmaterial", "uv": [ 0.0, 0.0, 0.5, 0.5 ], "enabled": false }
			},
			"children": [
				{
					"name": "body29",
					"from": [ -16.0, 1.0, 0.0 ], 
					"to": [ -15.2, 1.25, 0.25 ], 
					"rotationOrigin": [ -13.9, 0.9, 2.6 ],
					"faces": {
						"north": { "texture": "#stringmaterial", "uv": [ 5.0, 6.0, 5.5, 6.5 ] },
						"east": { "texture": "#stringmaterial", "uv": [ 2.0, 5.0, 2.5, 5.5 ] },
						"south": { "texture": "#stringmaterial", "uv": [ 4.5, 10.5, 5.0, 11.0 ] },
						"west": { "texture": "#stringmaterial", "uv": [ 2.0, 6.0, 2.5, 6.5 ] },
						"up": { "texture": "#stringmaterial", "uv": [ 4.0, 0.0, 4.5, 0.5 ], "rotation": 90 },
						"down": { "texture": "#stringmaterial", "uv": [ 0.0, 3.0, 0.5, 3.5 ] }
					}
				},
				{
					"name": "body30",
					"from": [ -13.0, 1.3, -1.5 ], 
					"to": [ -12.75, 1.55, -0.1 ], 
					"rotationOrigin": [ -11.0, 0.9, 1.6 ],
					"rotationX": 12.5,
					"faces": {
						"north": { "texture": "#stringmaterial", "uv": [ 5.0, 6.0, 5.5, 6.5 ] },
						"east": { "texture": "#stringmaterial", "uv": [ 2.0, 5.0, 3.0, 5.5 ] },
						"south": { "texture": "#stringmaterial", "uv": [ 4.5, 10.5, 5.0, 11.0 ] },
						"west": { "texture": "#stringmaterial", "uv": [ 2.0, 6.0, 3.0, 6.5 ] },
						"up": { "texture": "#stringmaterial", "uv": [ 4.0, 0.0, 5.0, 0.5 ], "rotation": 90 },
						"down": { "texture": "#stringmaterial", "uv": [ 0.0, 3.0, 0.5, 4.0 ] }
					}
				},
				{
					"name": "body31",
					"from": [ -15.0, 1.55, 0.0 ], 
					"to": [ -12.5, 1.8, 0.25 ], 
					"rotationOrigin": [ -13.0, 0.9, 2.6 ],
					"rotationZ": 15.0,
					"faces": {
						"north": { "texture": "#stringmaterial", "uv": [ 5.0, 6.0, 7.5, 6.5 ] },
						"east": { "texture": "#stringmaterial", "uv": [ 2.0, 5.0, 2.5, 5.5 ] },
						"south": { "texture": "#stringmaterial", "uv": [ 4.5, 10.5, 7.0, 11.0 ] },
						"west": { "texture": "#stringmaterial", "uv": [ 2.0, 6.0, 2.5, 6.5 ] },
						"up": { "texture": "#stringmaterial", "uv": [ 4.0, 0.0, 4.5, 2.5 ], "rotation": 90 },
						"down": { "texture": "#stringmaterial", "uv": [ 0.0, 3.0, 2.5, 3.5 ] }
					}
				},
				{
					"name": "body32",
					"from": [ -14.0, 2.1, -1.25 ], 
					"to": [ -12.5, 2.35, -1.0 ], 
					"rotationOrigin": [ -12.0, 0.9, 1.6 ],
					"rotationZ": 12.5,
					"faces": {
						"north": { "texture": "#stringmaterial", "uv": [ 5.0, 6.0, 6.5, 6.5 ] },
						"east": { "texture": "#stringmaterial", "uv": [ 2.0, 5.0, 2.5, 5.5 ] },
						"south": { "texture": "#stringmaterial", "uv": [ 4.5, 10.5, 6.0, 11.0 ] },
						"west": { "texture": "#stringmaterial", "uv": [ 2.0, 6.0, 2.5, 6.5 ] },
						"up": { "texture": "#stringmaterial", "uv": [ 4.0, 0.0, 4.5, 1.5 ], "rotation": 90 },
						"down": { "texture": "#stringmaterial", "uv": [ 0.0, 3.0, 1.5, 3.5 ] }
					}
				},
				{
					"name": "body33",
					"from": [ -15.95, 0.8, -0.9 ], 
					"to": [ -15.7, 1.05, 1.0 ], 
					"rotationOrigin": [ -14.7, 1.7, 2.0 ],
					"rotationX": 15.5,
					"rotationY": -32.5,
					"faces": {
						"north": { "texture": "#stringmaterial", "uv": [ 5.0, 6.0, 5.5, 6.5 ] },
						"east": { "texture": "#stringmaterial", "uv": [ 2.0, 5.0, 3.5, 5.5 ] },
						"south": { "texture": "#stringmaterial", "uv": [ 4.5, 10.5, 5.0, 11.0 ] },
						"west": { "texture": "#stringmaterial", "uv": [ 2.0, 6.0, 3.5, 6.5 ] },
						"up": { "texture": "#stringmaterial", "uv": [ 4.0, 0.0, 5.5, 0.5 ], "rotation": 90 },
						"down": { "texture": "#stringmaterial", "uv": [ 0.0, 3.0, 0.5, 4.5 ] }
					}
				},
				{
					"name": "Cube34",
					"from": [ -13.88, 0.0, -0.88 ], 
					"to": [ -13.13, 3.0, -0.13 ], 
					"rotationOrigin": [ -1.0, 0.0, -2.0 ],
					"faces": {
						"north": { "texture": "#woodmaterial", "uv": [ 0.0, 0.0, 0.5, 3.0 ] },
						"east": { "texture": "#woodmaterial", "uv": [ 0.0, 0.0, 0.5, 3.0 ] },
						"south": { "texture": "#woodmaterial", "uv": [ 0.0, 0.0, 0.5, 3.0 ] },
						"west": { "texture": "#woodmaterial", "uv": [ 0.0, 0.0, 0.5, 3.0 ] },
						"up": { "texture": "#woodmaterial", "uv": [ 0.0, 0.0, 0.5, 0.5 ] },
						"down": { "texture": "#woodmaterial", "uv": [ 0.0, 0.0, 0.5, 0.5 ] }
					}
				},
				{
					"name": "Cube35",
					"from": [ -13.12, 3.0, -0.88 ], 
					"to": [ -11.87, 3.75, 0.37 ], 
					"rotationOrigin": [ -12.875, 3.0, -0.875 ],
					"rotationY": -90.0,
					"faces": {
						"north": { "texture": "#woodmaterial", "uv": [ 0.0, 0.0, 1.0, 0.5 ] },
						"east": { "texture": "#woodmaterial", "uv": [ 0.0, 0.0, 1.0, 0.5 ] },
						"south": { "texture": "#woodmaterial", "uv": [ 0.0, 0.0, 1.0, 0.5 ] },
						"west": { "texture": "#woodmaterial", "uv": [ 0.0, 0.0, 1.0, 0.5 ] },
						"up": { "texture": "#woodmaterial", "uv": [ 0.0, 0.0, 1.0, 1.0 ] },
						"down": { "texture": "#woodmaterial", "uv": [ 0.0, 0.0, 1.0, 1.0 ] }
					}
				},
				{
					"name": "Cube36",
					"from": [ -13.0, 0.0, -0.5 ], 
					"to": [ -12.88, 3.5, 0.0 ], 
					"rotationOrigin": [ -12.875, 0.0, -0.875 ],
					"rotationY": -90.0,
					"faces": {
						"north": { "texture": "#woodmaterial", "uv": [ 0.0, 0.0, 0.5, 3.5 ] },
						"east": { "texture": "#woodmaterial", "uv": [ 0.0, 0.0, 0.5, 3.5 ] },
						"south": { "texture": "#woodmaterial", "uv": [ 0.0, 0.0, 0.5, 3.5 ] },
						"west": { "texture": "#woodmaterial", "uv": [ 0.0, 0.0, 0.5, 3.5 ] },
						"up": { "texture": "#woodmaterial", "uv": [ 0.0, 0.0, 0.5, 0.5 ] },
						"down": { "texture": "#woodmaterial", "uv": [ 0.0, 0.0, 0.5, 0.5 ] }
					}
				},
				{
					"name": "Cube37",
					"from": [ -14.0, 0.0, -0.75 ], 
					"to": [ -13.88, 3.5, -0.25 ], 
					"rotationOrigin": [ 0.0, 0.0, -1.0 ],
					"faces": {
						"north": { "texture": "#woodmaterial", "uv": [ 0.0, 0.0, 0.5, 3.5 ] },
						"east": { "texture": "#woodmaterial", "uv": [ 0.0, 0.0, 0.5, 3.5 ] },
						"south": { "texture": "#woodmaterial", "uv": [ 0.0, 0.0, 0.5, 3.5 ] },
						"west": { "texture": "#woodmaterial", "uv": [ 0.0, 0.0, 0.5, 3.5 ] },
						"up": { "texture": "#woodmaterial", "uv": [ 0.0, 0.0, 0.5, 0.5 ] },
						"down": { "texture": "#woodmaterial", "uv": [ 0.0, 0.0, 0.5, 0.5 ] }
					}
				},
				{
					"name": "Cube38",
					"from": [ -13.12, 0.0, -0.75 ], 
					"to": [ -13.0, 3.5, -0.25 ], 
					"rotationOrigin": [ 1.0, 0.0, -1.0 ],
					"faces": {
						"north": { "texture": "#woodmaterial", "uv": [ 0.0, 0.0, 0.5, 3.5 ] },
						"east": { "texture": "#woodmaterial", "uv": [ 0.0, 0.0, 0.5, 3.5 ] },
						"south": { "texture": "#woodmaterial", "uv": [ 0.0, 0.0, 0.5, 3.5 ] },
						"west": { "texture": "#woodmaterial", "uv": [ 0.0, 0.0, 0.5, 3.5 ] },
						"up": { "texture": "#woodmaterial", "uv": [ 0.0, 0.0, 0.5, 0.5 ] },
						"down": { "texture": "#woodmaterial", "uv": [ 0.0, 0.0, 0.5, 0.5 ] }
					}
				},
				{
					"name": "Cube39",
					"from": [ -16.0, 0.0, 0.25 ], 
					"to": [ -15.88, 3.5, 0.75 ], 
					"rotationOrigin": [ -15.0, 0.0, -1.0 ],
					"rotationY": 90.0,
					"faces": {
						"north": { "texture": "#woodmaterial", "uv": [ 0.0, 0.0, 0.5, 3.5 ] },
						"east": { "texture": "#woodmaterial", "uv": [ 0.0, 0.0, 0.5, 3.5 ] },
						"south": { "texture": "#woodmaterial", "uv": [ 0.0, 0.0, 0.5, 3.5 ] },
						"west": { "texture": "#woodmaterial", "uv": [ 0.0, 0.0, 0.5, 3.5 ] },
						"up": { "texture": "#woodmaterial", "uv": [ 0.0, 0.0, 0.5, 0.5 ] },
						"down": { "texture": "#woodmaterial", "uv": [ 0.0, 0.0, 0.5, 0.5 ] }
					}
				},
				{
					"name": "Cube40",
					"from": [ -13.0, 3.0, -1.0 ], 
					"to": [ -12.0, 3.5, -0.75 ], 
					"rotationOrigin": [ -12.875, 3.0, -0.875 ],
					"rotationY": -90.0,
					"faces": {
						"north": { "texture": "#woodmaterial", "uv": [ 0.0, 0.0, 1.0, 0.5 ] },
						"east": { "texture": "#woodmaterial", "uv": [ 0.0, 0.0, 0.5, 0.5 ] },
						"south": { "texture": "#woodmaterial", "uv": [ 0.0, 0.0, 1.0, 0.5 ] },
						"west": { "texture": "#woodmaterial", "uv": [ 0.0, 0.0, 0.5, 0.5 ] },
						"up": { "texture": "#woodmaterial", "uv": [ 0.0, 0.0, 1.0, 0.5 ] },
						"down": { "texture": "#woodmaterial", "uv": [ 0.0, 0.0, 1.0, 0.5 ] }
					}
				},
				{
					"name": "Cube41",
					"from": [ -14.0, 3.0, -0.75 ], 
					"to": [ -13.0, 3.5, -0.5 ], 
					"rotationOrigin": [ -13.875, 3.0, -0.875 ],
					"rotationY": -90.0,
					"faces": {
						"north": { "texture": "#woodmaterial", "uv": [ 0.0, 0.0, 1.0, 0.5 ] },
						"east": { "texture": "#woodmaterial", "uv": [ 0.0, 0.0, 0.5, 0.5 ] },
						"south": { "texture": "#woodmaterial", "uv": [ 0.0, 0.0, 1.0, 0.5 ] },
						"west": { "texture": "#woodmaterial", "uv": [ 0.0, 0.0, 0.5, 0.5 ] },
						"up": { "texture": "#woodmaterial", "uv": [ 0.0, 0.0, 1.0, 0.5 ] },
						"down": { "texture": "#woodmaterial", "uv": [ 0.0, 0.0, 1.0, 0.5 ] }
					}
				},
				{
					"name": "Cube42",
					"from": [ -13.25, 3.0, -0.75 ], 
					"to": [ -13.0, 3.5, 0.25 ], 
					"rotationOrigin": [ -12.875, 3.0, -0.875 ],
					"rotationY": -90.0,
					"faces": {
						"north": { "texture": "#woodmaterial", "uv": [ 0.0, 0.0, 0.5, 0.5 ] },
						"east": { "texture": "#woodmaterial", "uv": [ 0.0, 0.0, 1.0, 0.5 ] },
						"south": { "texture": "#woodmaterial", "uv": [ 0.0, 0.0, 0.5, 0.5 ] },
						"west": { "texture": "#woodmaterial", "uv": [ 0.0, 0.0, 1.0, 0.5 ] },
						"up": { "texture": "#woodmaterial", "uv": [ 0.0, 0.0, 0.5, 1.0 ] },
						"down": { "texture": "#woodmaterial", "uv": [ 0.0, 0.0, 0.5, 1.0 ] }
					}
				},
				{
					"name": "Cube43",
					"from": [ -13.0, 3.0, 0.25 ], 
					"to": [ -12.75, 3.5, 1.25 ], 
					"rotationOrigin": [ -12.875, 3.0, 0.125 ],
					"rotationY": -90.0,
					"faces": {
						"north": { "texture": "#woodmaterial", "uv": [ 0.0, 0.0, 0.5, 0.5 ] },
						"east": { "texture": "#woodmaterial", "uv": [ 0.0, 0.0, 1.0, 0.5 ] },
						"south": { "texture": "#woodmaterial", "uv": [ 0.0, 0.0, 0.5, 0.5 ] },
						"west": { "texture": "#woodmaterial", "uv": [ 0.0, 0.0, 1.0, 0.5 ] },
						"up": { "texture": "#woodmaterial", "uv": [ 0.0, 0.0, 0.5, 1.0 ] },
						"down": { "texture": "#woodmaterial", "uv": [ 0.0, 0.0, 0.5, 1.0 ] }
					}
				},
				{
					"name": "body44",
					"from": [ -15.2, 0.7, 0.25 ], 
					"to": [ -14.95, 1.5, 0.5 ], 
					"rotationOrigin": [ -13.1, 0.6, 2.8 ],
					"faces": {
						"north": { "texture": "#stringmaterial", "uv": [ 5.0, 6.0, 5.5, 6.5 ] },
						"east": { "texture": "#stringmaterial", "uv": [ 2.0, 5.0, 2.5, 5.5 ] },
						"south": { "texture": "#stringmaterial", "uv": [ 4.5, 10.5, 5.0, 11.0 ] },
						"west": { "texture": "#stringmaterial", "uv": [ 2.0, 6.0, 2.5, 6.5 ] },
						"up": { "texture": "#stringmaterial", "uv": [ 4.0, 0.0, 4.5, 0.5 ], "rotation": 90 },
						"down": { "texture": "#stringmaterial", "uv": [ 0.0, 3.0, 0.5, 3.5 ] }
					}
				},
				{
					"name": "body45",
					"from": [ -14.6, 0.7, -1.65 ], 
					"to": [ -14.35, 0.95, -0.9 ], 
					"rotationOrigin": [ -12.5, 0.6, 0.8 ],
					"rotationY": 32.5,
					"faces": {
						"north": { "texture": "#stringmaterial", "uv": [ 5.0, 6.0, 5.5, 6.5 ] },
						"east": { "texture": "#stringmaterial", "uv": [ 2.0, 5.0, 2.5, 5.5 ] },
						"south": { "texture": "#stringmaterial", "uv": [ 4.5, 10.5, 5.0, 11.0 ] },
						"west": { "texture": "#stringmaterial", "uv": [ 2.0, 6.0, 2.5, 6.5 ] },
						"up": { "texture": "#stringmaterial", "uv": [ 4.0, 0.0, 4.5, 0.5 ], "rotation": 90 },
						"down": { "texture": "#stringmaterial", "uv": [ 0.0, 3.0, 0.5, 3.5 ] }
					}
				},
				{
					"name": "body46",
					"from": [ -15.6, 0.7, -0.25 ], 
					"to": [ -15.35, 1.5, 0.0 ], 
					"rotationOrigin": [ -13.5, 0.6, 2.3 ],
					"faces": {
						"north": { "texture": "#stringmaterial", "uv": [ 5.0, 6.0, 5.5, 6.5 ] },
						"east": { "texture": "#stringmaterial", "uv": [ 2.0, 5.0, 2.5, 5.5 ] },
						"south": { "texture": "#stringmaterial", "uv": [ 4.5, 10.5, 5.0, 11.0 ] },
						"west": { "texture": "#stringmaterial", "uv": [ 2.0, 6.0, 2.5, 6.5 ] },
						"up": { "texture": "#stringmaterial", "uv": [ 4.0, 0.0, 4.5, 0.5 ], "rotation": 90 },
						"down": { "texture": "#stringmaterial", "uv": [ 0.0, 3.0, 0.5, 3.5 ] }
					}
				},
				{
					"name": "body47",
					"from": [ -15.6, 0.7, 0.25 ], 
					"to": [ -15.35, 1.5, 0.5 ], 
					"rotationOrigin": [ -13.5, 0.6, 2.8 ],
					"faces": {
						"north": { "texture": "#stringmaterial", "uv": [ 5.0, 6.0, 5.5, 6.5 ] },
						"east": { "texture": "#stringmaterial", "uv": [ 2.0, 5.0, 2.5, 5.5 ] },
						"south": { "texture": "#stringmaterial", "uv": [ 4.5, 10.5, 5.0, 11.0 ] },
						"west": { "texture": "#stringmaterial", "uv": [ 2.0, 6.0, 2.5, 6.5 ] },
						"up": { "texture": "#stringmaterial", "uv": [ 4.0, 0.0, 4.5, 0.5 ], "rotation": 90 },
						"down": { "texture": "#stringmaterial", "uv": [ 0.0, 3.0, 0.5, 3.5 ] }
					}
				},
				{
					"name": "body48",
					"from": [ -15.0, 0.7, -1.65 ], 
					"to": [ -14.75, 0.95, -0.9 ], 
					"rotationOrigin": [ -12.9, 0.6, 0.8 ],
					"rotationY": 32.5,
					"faces": {
						"north": { "texture": "#stringmaterial", "uv": [ 5.0, 6.0, 5.5, 6.5 ] },
						"east": { "texture": "#stringmaterial", "uv": [ 2.0, 5.0, 2.5, 5.5 ] },
						"south": { "texture": "#stringmaterial", "uv": [ 4.5, 10.5, 5.0, 11.0 ] },
						"west": { "texture": "#stringmaterial", "uv": [ 2.0, 6.0, 2.5, 6.5 ] },
						"up": { "texture": "#stringmaterial", "uv": [ 4.0, 0.0, 4.5, 0.5 ], "rotation": 90 },
						"down": { "texture": "#stringmaterial", "uv": [ 0.0, 3.0, 0.5, 3.5 ] }
					}
				},
				{
					"name": "body49",
					"from": [ -16.0, 0.7, -0.25 ], 
					"to": [ -15.75, 1.5, 0.0 ], 
					"rotationOrigin": [ -13.9, 0.6, 2.3 ],
					"faces": {
						"north": { "texture": "#stringmaterial", "uv": [ 5.0, 6.0, 5.5, 6.5 ] },
						"east": { "texture": "#stringmaterial", "uv": [ 2.0, 5.0, 2.5, 5.5 ] },
						"south": { "texture": "#stringmaterial", "uv": [ 4.5, 10.5, 5.0, 11.0 ] },
						"west": { "texture": "#stringmaterial", "uv": [ 2.0, 6.0, 2.5, 6.5 ] },
						"up": { "texture": "#stringmaterial", "uv": [ 4.0, 0.0, 4.5, 0.5 ], "rotation": 90 },
						"down": { "texture": "#stringmaterial", "uv": [ 0.0, 3.0, 0.5, 3.5 ] }
					}
				},
				{
					"name": "body50",
					"from": [ -15.6, 1.3, -0.25 ], 
					"to": [ -15.35, 1.55, 0.5 ], 
					"rotationOrigin": [ -13.5, 0.2, 2.3 ],
					"faces": {
						"north": { "texture": "#stringmaterial", "uv": [ 5.0, 6.0, 5.5, 6.5 ] },
						"east": { "texture": "#stringmaterial", "uv": [ 2.0, 5.0, 2.5, 5.5 ] },
						"south": { "texture": "#stringmaterial", "uv": [ 4.5, 10.5, 5.0, 11.0 ] },
						"west": { "texture": "#stringmaterial", "uv": [ 2.0, 6.0, 2.5, 6.5 ] },
						"up": { "texture": "#stringmaterial", "uv": [ 4.0, 0.0, 4.5, 0.5 ], "rotation": 90 },
						"down": { "texture": "#stringmaterial", "uv": [ 0.0, 3.0, 0.5, 3.5 ] }
					}
				},
				{
					"name": "body51",
					"from": [ -16.0, 1.3, -0.25 ], 
					"to": [ -15.75, 1.55, 0.5 ], 
					"rotationOrigin": [ -13.9, 0.2, 2.3 ],
					"faces": {
						"north": { "texture": "#stringmaterial", "uv": [ 5.0, 6.0, 5.5, 6.5 ] },
						"east": { "texture": "#stringmaterial", "uv": [ 2.0, 5.0, 2.5, 5.5 ] },
						"south": { "texture": "#stringmaterial", "uv": [ 4.5, 10.5, 5.0, 11.0 ] },
						"west": { "texture": "#stringmaterial", "uv": [ 2.0, 6.0, 2.5, 6.5 ] },
						"up": { "texture": "#stringmaterial", "uv": [ 4.0, 0.0, 4.5, 0.5 ], "rotation": 90 },
						"down": { "texture": "#stringmaterial", "uv": [ 0.0, 3.0, 0.5, 3.5 ] }
					}
				},
				{
					"name": "body52",
					"from": [ -16.0, 0.7, 0.25 ], 
					"to": [ -15.75, 1.5, 0.5 ], 
					"rotationOrigin": [ -13.9, 0.6, 2.8 ],
					"faces": {
						"north": { "texture": "#stringmaterial", "uv": [ 5.0, 6.0, 5.5, 6.5 ] },
						"east": { "texture": "#stringmaterial", "uv": [ 2.0, 5.0, 2.5, 5.5 ] },
						"south": { "texture": "#stringmaterial", "uv": [ 4.5, 10.5, 5.0, 11.0 ] },
						"west": { "texture": "#stringmaterial", "uv": [ 2.0, 6.0, 2.5, 6.5 ] },
						"up": { "texture": "#stringmaterial", "uv": [ 4.0, 0.0, 4.5, 0.5 ], "rotation": 90 },
						"down": { "texture": "#stringmaterial", "uv": [ 0.0, 3.0, 0.5, 3.5 ] }
					}
				},
				{
					"name": "Cube53",
					"from": [ -13.78, -0.5, -0.78 ], 
					"to": [ -13.23, 0.0, -0.23 ], 
					"rotationOrigin": [ -0.9, -0.5, -1.9 ],
					"faces": {
						"north": { "texture": "#woodmaterial", "uv": [ 0.0, 0.0, 0.5, 0.5 ] },
						"east": { "texture": "#woodmaterial", "uv": [ 0.0, 0.0, 0.5, 0.5 ] },
						"south": { "texture": "#woodmaterial", "uv": [ 0.0, 0.0, 0.5, 0.5 ] },
						"west": { "texture": "#woodmaterial", "uv": [ 0.0, 0.0, 0.5, 0.5 ] },
						"up": { "texture": "#woodmaterial", "uv": [ 0.0, 0.0, 0.5, 0.5 ] },
						"down": { "texture": "#woodmaterial", "uv": [ 0.0, 0.0, 0.5, 0.5 ] }
					}
				},
				{
					"name": "Cube54",
					"from": [ -13.68, -0.8, -0.68 ], 
					"to": [ -13.33, -0.5, -0.33 ], 
					"rotationOrigin": [ -0.8, -0.8, -1.8 ],
					"faces": {
						"north": { "texture": "#woodmaterial", "uv": [ 0.0, 0.0, 0.5, 0.5 ] },
						"east": { "texture": "#woodmaterial", "uv": [ 0.0, 0.0, 0.5, 0.5 ] },
						"south": { "texture": "#woodmaterial", "uv": [ 0.0, 0.0, 0.5, 0.5 ] },
						"west": { "texture": "#woodmaterial", "uv": [ 0.0, 0.0, 0.5, 0.5 ] },
						"up": { "texture": "#woodmaterial", "uv": [ 0.0, 0.0, 0.5, 0.5 ] },
						"down": { "texture": "#woodmaterial", "uv": [ 0.0, 0.0, 0.5, 0.5 ] }
					}
				}
			]
		}
	]}