{
	"editor": {
		"allAngles": false,
		"entityTextureMode": false
	},
	"textureWidth": 16,
	"textureHeight": 16,
	"textureSizes": {
	},
	"textures": {
	},
	"elements": [
		{
			"name": "origin",
			"from": [ 16.0, 0.0, 8.0 ], 
			"to": [ 16.0, 0.0, 8.0 ], 
			"rotationOrigin": [ 8.0, -1.0, 8.0 ],
			"rotationY": 90.0,
			"faces": {
				"north": { "texture": "#stringmaterial", "uv": [ 0.0, 0.0, 0.5, 0.5 ], "enabled": false },
				"east": { "texture": "#stringmaterial", "uv": [ 0.0, 0.0, 0.5, 0.5 ], "enabled": false },
				"south": { "texture": "#stringmaterial", "uv": [ 0.0, 0.0, 0.5, 0.5 ], "enabled": false },
				"west": { "texture": "#stringmaterial", "uv": [ 0.0, 0.0, 0.5, 0.5 ], "enabled": false },
				"up": { "texture": "#stringmaterial", "uv": [ 0.0, 0.0, 0.5, 0.5 ], "enabled": false },
				"down": { "texture": "#stringmaterial", "uv": [ 0.0, 0.0, 0.5, 0.5 ], "enabled": false }
			},
			"children": [
				{
					"name": "body1",
					"from": [ -16.0, 1.0, -0.12 ], 
					"to": [ 0.0, 1.25, 0.13 ], 
					"rotationOrigin": [ -14.0, 0.9, 1.6 ],
					"faces": {
						"north": { "texture": "#stringmaterial", "uv": [ 5.0, 6.0, 21.0, 6.5 ] },
						"east": { "texture": "#stringmaterial", "uv": [ 2.0, 5.0, 2.5, 5.5 ] },
						"south": { "texture": "#stringmaterial", "uv": [ 4.5, 10.5, 20.5, 11.0 ] },
						"west": { "texture": "#stringmaterial", "uv": [ 2.0, 6.0, 2.5, 6.5 ] },
						"up": { "texture": "#stringmaterial", "uv": [ 4.0, 0.0, 4.5, 16.0 ], "rotation": 90 },
						"down": { "texture": "#stringmaterial", "uv": [ 0.0, 3.0, 16.0, 3.5 ] }
					}
				}
			]
		}
	]}