{
	"editor": {
		"allAngles": false,
		"entityTextureMode": false
	},
	"textureWidth": 16,
	"textureHeight": 16,
	"textureSizes": {
	},
	"textures": {
	},
	"elements": [
		{
			"name": "origin",
			"from": [ 16.0, 0.0, 8.0 ], 
			"to": [ 16.0, 0.0, 8.0 ], 
			"rotationOrigin": [ 8.0, -1.0, 8.0 ],
			"rotationY": 90.0,
			"faces": {
				"north": { "texture": "#stringmaterial", "uv": [ 0.0, 0.0, 0.5, 0.5 ], "enabled": false },
				"east": { "texture": "#stringmaterial", "uv": [ 0.0, 0.0, 0.5, 0.5 ], "enabled": false },
				"south": { "texture": "#stringmaterial", "uv": [ 0.0, 0.0, 0.5, 0.5 ], "enabled": false },
				"west": { "texture": "#stringmaterial", "uv": [ 0.0, 0.0, 0.5, 0.5 ], "enabled": false },
				"up": { "texture": "#stringmaterial", "uv": [ 0.0, 0.0, 0.5, 0.5 ], "enabled": false },
				"down": { "texture": "#stringmaterial", "uv": [ 0.0, 0.0, 0.5, 0.5 ], "enabled": false }
			},
			"children": [
				{
					"name": "body1",
					"from": [ -16.0, 1.0, -0.12 ], 
					"to": [ 0.0, 1.25, 0.13 ], 
					"rotationOrigin": [ -14.0, 0.9, 1.6 ],
					"faces": {
						"north": { "texture": "#stringmaterial", "uv": [ 5.0, 6.0, 21.0, 6.5 ] },
						"east": { "texture": "#stringmaterial", "uv": [ 2.0, 5.0, 2.5, 5.5 ] },
						"south": { "texture": "#stringmaterial", "uv": [ 4.5, 10.5, 20.5, 11.0 ] },
						"west": { "texture": "#stringmaterial", "uv": [ 2.0, 6.0, 2.5, 6.5 ] },
						"up": { "texture": "#stringmaterial", "uv": [ 4.0, 0.0, 4.5, 16.0 ], "rotation": 90 },
						"down": { "texture": "#stringmaterial", "uv": [ 0.0, 3.0, 16.0, 3.5 ] }
					}
				}
			]
		},
		{
			"name": "body1",
			"from": [ 6.0, -2.0, 7.0 ], 
			"to": [ 9.0, -1.5, 7.5 ], 
			"rotationOrigin": [ 9.0, -1.8, 8.5 ],
			"rotationZ": -67.5,
			"faces": {
				"north": { "texture": "#hookmaterial", "uv": [ 5.0, 6.0, 8.0, 6.5 ] },
				"east": { "texture": "#hookmaterial", "uv": [ 2.0, 5.0, 2.5, 5.5 ] },
				"south": { "texture": "#hookmaterial", "uv": [ 4.5, 10.5, 7.5, 11.0 ] },
				"west": { "texture": "#hookmaterial", "uv": [ 2.0, 6.0, 2.5, 6.5 ] },
				"up": { "texture": "#hookmaterial", "uv": [ 4.0, 0.0, 4.5, 3.0 ], "rotation": 90 },
				"down": { "texture": "#hookmaterial", "uv": [ 0.0, 3.0, 3.0, 3.5 ] }
			},
			"children": [
				{
					"name": "body2",
					"from": [ 3.0, -0.3, 0.0 ], 
					"to": [ 3.5, 0.2, 0.5 ], 
					"rotationOrigin": [ 5.0, -0.8, 2.6 ],
					"faces": {
						"north": { "texture": "#hookmaterial", "uv": [ 3.0, 6.0, 3.5, 6.5 ] },
						"east": { "texture": "#hookmaterial", "uv": [ 2.0, 5.0, 2.5, 5.5 ] },
						"south": { "texture": "#hookmaterial", "uv": [ 2.0, 6.5, 2.5, 7.0 ] },
						"west": { "texture": "#hookmaterial", "uv": [ 2.0, 6.0, 2.5, 6.5 ] },
						"up": { "texture": "#hookmaterial", "uv": [ 4.0, 0.0, 4.5, 0.5 ], "rotation": 90 },
						"down": { "texture": "#hookmaterial", "uv": [ 0.0, 3.0, 0.5, 3.5 ] }
					}
				},
				{
					"name": "body3",
					"from": [ 3.5, -1.1, 0.0 ], 
					"to": [ 4.0, -0.1, 0.5 ], 
					"rotationOrigin": [ 5.0, -1.3, 2.6 ],
					"faces": {
						"north": { "texture": "#hookmaterial", "uv": [ 3.0, 7.0, 3.5, 8.0 ] },
						"east": { "texture": "#hookmaterial", "uv": [ 2.0, 5.0, 2.5, 6.0 ] },
						"south": { "texture": "#hookmaterial", "uv": [ 3.5, 6.0, 4.0, 7.0 ] },
						"west": { "texture": "#hookmaterial", "uv": [ 2.0, 6.0, 2.5, 7.0 ] },
						"up": { "texture": "#hookmaterial", "uv": [ 4.0, 0.0, 4.5, 0.5 ], "rotation": 90 },
						"down": { "texture": "#hookmaterial", "uv": [ 0.0, 3.0, 0.5, 3.5 ] }
					}
				},
				{
					"name": "body4",
					"from": [ 2.7, -1.6, 0.0 ], 
					"to": [ 3.7, -1.1, 0.5 ], 
					"rotationOrigin": [ 4.0, -1.3, 2.6 ],
					"faces": {
						"north": { "texture": "#hookmaterial", "uv": [ 8.5, 10.0, 9.5, 10.5 ] },
						"east": { "texture": "#hookmaterial", "uv": [ 2.0, 5.0, 2.5, 5.5 ] },
						"south": { "texture": "#hookmaterial", "uv": [ 0.0, 8.0, 1.0, 8.5 ] },
						"west": { "texture": "#hookmaterial", "uv": [ 2.0, 6.0, 2.5, 6.5 ] },
						"up": { "texture": "#hookmaterial", "uv": [ 4.0, 0.0, 4.5, 1.0 ], "rotation": 90 },
						"down": { "texture": "#hookmaterial", "uv": [ 0.0, 3.0, 1.0, 3.5 ] }
					}
				},
				{
					"name": "body14",
					"from": [ -0.4, 0.0, 0.0 ], 
					"to": [ 0.25, 0.65, 0.5 ], 
					"rotationOrigin": [ 2.0, -0.8, 2.6 ],
					"faces": {
						"north": { "texture": "#hookmaterial", "uv": [ 3.0, 6.0, 3.5, 6.5 ] },
						"east": { "texture": "#hookmaterial", "uv": [ 2.0, 5.0, 2.5, 5.5 ] },
						"south": { "texture": "#hookmaterial", "uv": [ 2.0, 6.5, 2.5, 7.0 ] },
						"west": { "texture": "#hookmaterial", "uv": [ 2.0, 6.0, 2.5, 6.5 ] },
						"up": { "texture": "#hookmaterial", "uv": [ 4.0, 0.0, 4.5, 0.5 ], "rotation": 90 },
						"down": { "texture": "#hookmaterial", "uv": [ 0.0, 3.0, 0.5, 3.5 ] }
					}
				}
			]
		},
		{
			"name": "Cube1",
			"from": [ 9.3, -1.6, 7.95 ], 
			"to": [ 10.3, -0.6, 8.95 ], 
			"rotationOrigin": [ 9.3, -1.6, 7.2 ],
			"rotationX": 112.5,
			"rotationY": -45.0,
			"faces": {
				"north": { "texture": "#baitmaterial", "uv": [ 0.0, 0.0, 1.0, 1.0 ] },
				"east": { "texture": "#baitmaterial", "uv": [ 0.0, 0.0, 1.0, 1.0 ] },
				"south": { "texture": "#baitmaterial", "uv": [ 0.0, 0.0, 1.0, 1.0 ] },
				"west": { "texture": "#baitmaterial", "uv": [ 0.0, 0.0, 1.0, 1.0 ] },
				"up": { "texture": "#baitmaterial", "uv": [ 0.0, 0.0, 1.0, 1.0 ] },
				"down": { "texture": "#baitmaterial", "uv": [ 0.0, 0.0, 1.0, 1.0 ] }
			},
			"children": [
				{
					"name": "Cube8",
					"from": [ -0.25, 0.25, 0.25 ], 
					"to": [ 0.0, 0.75, 0.75 ], 
					"rotationOrigin": [ 0.0, 0.0, -0.75 ],
					"faces": {
						"north": { "texture": "#baitmaterial", "uv": [ 0.0, 0.0, 0.5, 0.5 ] },
						"east": { "texture": "#baitmaterial", "uv": [ 0.0, 0.0, 0.5, 0.5 ] },
						"south": { "texture": "#baitmaterial", "uv": [ 0.0, 0.0, 0.5, 0.5 ] },
						"west": { "texture": "#baitmaterial", "uv": [ 0.0, 0.0, 0.5, 0.5 ] },
						"up": { "texture": "#baitmaterial", "uv": [ 0.0, 0.0, 0.5, 0.5 ] },
						"down": { "texture": "#baitmaterial", "uv": [ 0.0, 0.0, 0.5, 0.5 ] }
					}
				},
				{
					"name": "Cube9",
					"from": [ 1.5, 0.15, 0.35 ], 
					"to": [ 1.75, 0.65, 0.85 ], 
					"rotationOrigin": [ 1.5, -0.1, -0.65 ],
					"faces": {
						"north": { "texture": "#baitmaterial", "uv": [ 0.0, 0.0, 0.5, 0.5 ] },
						"east": { "texture": "#baitmaterial", "uv": [ 0.0, 0.0, 0.5, 0.5 ] },
						"south": { "texture": "#baitmaterial", "uv": [ 0.0, 0.0, 0.5, 0.5 ] },
						"west": { "texture": "#baitmaterial", "uv": [ 0.0, 0.0, 0.5, 0.5 ] },
						"up": { "texture": "#baitmaterial", "uv": [ 0.0, 0.0, 0.5, 0.5 ] },
						"down": { "texture": "#baitmaterial", "uv": [ 0.0, 0.0, 0.5, 0.5 ] }
					}
				},
				{
					"name": "Cube10",
					"from": [ 0.25, -0.25, 0.25 ], 
					"to": [ 0.75, 0.0, 0.75 ], 
					"rotationOrigin": [ 1.0, 0.0, -0.75 ],
					"faces": {
						"north": { "texture": "#baitmaterial", "uv": [ 0.0, 0.0, 0.5, 0.5 ] },
						"east": { "texture": "#baitmaterial", "uv": [ 0.0, 0.0, 0.5, 0.5 ] },
						"south": { "texture": "#baitmaterial", "uv": [ 0.0, 0.0, 0.5, 0.5 ] },
						"west": { "texture": "#baitmaterial", "uv": [ 0.0, 0.0, 0.5, 0.5 ] },
						"up": { "texture": "#baitmaterial", "uv": [ 0.0, 0.0, 0.5, 0.5 ] },
						"down": { "texture": "#baitmaterial", "uv": [ 0.0, 0.0, 0.5, 0.5 ] }
					}
				},
				{
					"name": "Cube11",
					"from": [ 0.25, 1.0, 0.25 ], 
					"to": [ 0.75, 1.25, 0.75 ], 
					"rotationOrigin": [ 1.0, 1.0, -0.75 ],
					"faces": {
						"north": { "texture": "#baitmaterial", "uv": [ 0.0, 0.0, 0.5, 0.5 ] },
						"east": { "texture": "#baitmaterial", "uv": [ 0.0, 0.0, 0.5, 0.5 ] },
						"south": { "texture": "#baitmaterial", "uv": [ 0.0, 0.0, 0.5, 0.5 ] },
						"west": { "texture": "#baitmaterial", "uv": [ 0.0, 0.0, 0.5, 0.5 ] },
						"up": { "texture": "#baitmaterial", "uv": [ 0.0, 0.0, 0.5, 0.5 ] },
						"down": { "texture": "#baitmaterial", "uv": [ 0.0, 0.0, 0.5, 0.5 ] }
					}
				},
				{
					"name": "Cube12",
					"from": [ 0.15, 0.35, 1.0 ], 
					"to": [ 0.65, 0.85, 1.25 ], 
					"rotationOrigin": [ 0.9, 0.1, 0.25 ],
					"faces": {
						"north": { "texture": "#baitmaterial", "uv": [ 0.0, 0.0, 0.5, 0.5 ] },
						"east": { "texture": "#baitmaterial", "uv": [ 0.0, 0.0, 0.5, 0.5 ] },
						"south": { "texture": "#baitmaterial", "uv": [ 0.0, 0.0, 0.5, 0.5 ] },
						"west": { "texture": "#baitmaterial", "uv": [ 0.0, 0.0, 0.5, 0.5 ] },
						"up": { "texture": "#baitmaterial", "uv": [ 0.0, 0.0, 0.5, 0.5 ] },
						"down": { "texture": "#baitmaterial", "uv": [ 0.0, 0.0, 0.5, 0.5 ] }
					}
				},
				{
					"name": "Cube13",
					"from": [ 0.35, 0.15, -0.25 ], 
					"to": [ 0.85, 0.65, 0.0 ], 
					"rotationOrigin": [ 1.1, -0.1, -0.75 ],
					"faces": {
						"north": { "texture": "#baitmaterial", "uv": [ 0.0, 0.0, 0.5, 0.5 ] },
						"east": { "texture": "#baitmaterial", "uv": [ 0.0, 0.0, 0.5, 0.5 ] },
						"south": { "texture": "#baitmaterial", "uv": [ 0.0, 0.0, 0.5, 0.5 ] },
						"west": { "texture": "#baitmaterial", "uv": [ 0.0, 0.0, 0.5, 0.5 ] },
						"up": { "texture": "#baitmaterial", "uv": [ 0.0, 0.0, 0.5, 0.5 ] },
						"down": { "texture": "#baitmaterial", "uv": [ 0.0, 0.0, 0.5, 0.5 ] }
					}
				},
				{
					"name": "Cube14",
					"from": [ 1.0, 0.25, 0.25 ], 
					"to": [ 1.25, 0.85, 0.85 ], 
					"rotationOrigin": [ 1.0, 0.0, -0.75 ],
					"faces": {
						"north": { "texture": "#baitmaterial", "uv": [ 0.0, 0.0, 0.5, 0.5 ] },
						"east": { "texture": "#baitmaterial", "uv": [ 0.0, 0.0, 0.5, 0.5 ] },
						"south": { "texture": "#baitmaterial", "uv": [ 0.0, 0.0, 0.5, 0.5 ] },
						"west": { "texture": "#baitmaterial", "uv": [ 0.0, 0.0, 0.5, 0.5 ] },
						"up": { "texture": "#baitmaterial", "uv": [ 0.0, 0.0, 0.5, 0.5 ] },
						"down": { "texture": "#baitmaterial", "uv": [ 0.0, 0.0, 0.5, 0.5 ] }
					}
				},
				{
					"name": "Cube15",
					"from": [ 1.2, 0.15, 0.15 ], 
					"to": [ 1.55, 0.75, 0.75 ], 
					"rotationOrigin": [ 1.2, -0.1, -0.85 ],
					"faces": {
						"north": { "texture": "#baitmaterial", "uv": [ 0.0, 0.0, 0.5, 0.5 ] },
						"east": { "texture": "#baitmaterial", "uv": [ 0.0, 0.0, 0.5, 0.5 ] },
						"south": { "texture": "#baitmaterial", "uv": [ 0.0, 0.0, 0.5, 0.5 ] },
						"west": { "texture": "#baitmaterial", "uv": [ 0.0, 0.0, 0.5, 0.5 ] },
						"up": { "texture": "#baitmaterial", "uv": [ 0.0, 0.0, 0.5, 0.5 ] },
						"down": { "texture": "#baitmaterial", "uv": [ 0.0, 0.0, 0.5, 0.5 ] }
					}
				},
				{
					"name": "Cube16",
					"from": [ 1.7, 0.25, 0.55 ], 
					"to": [ 1.95, 0.75, 1.05 ], 
					"rotationOrigin": [ 1.7, 0.0, -0.45 ],
					"faces": {
						"north": { "texture": "#baitmaterial", "uv": [ 0.0, 0.0, 0.5, 0.5 ] },
						"east": { "texture": "#baitmaterial", "uv": [ 0.0, 0.0, 0.5, 0.5 ] },
						"south": { "texture": "#baitmaterial", "uv": [ 0.0, 0.0, 0.5, 0.5 ] },
						"west": { "texture": "#baitmaterial", "uv": [ 0.0, 0.0, 0.5, 0.5 ] },
						"up": { "texture": "#baitmaterial", "uv": [ 0.0, 0.0, 0.5, 0.5 ] },
						"down": { "texture": "#baitmaterial", "uv": [ 0.0, 0.0, 0.5, 0.5 ] }
					}
				}
			]
		}
	]}