{
  "code": "steatiterail",
  "class": "BlockFence",
  "behaviors": [
    { "name": "CanAttach", "properties": { "sides": ["up", "down"] } }
  ],
  "attributes": {
    "isFence": true
  },
  "variantgroups": [
    {
      "code": "material",
      "states": ["temporal", "astral", "ethereal"]
    },
    {
      "code": "type",
      "states": [
        "empty",
        "n",
        "e",
        "s",
        "w",
        "ne",
        "ns",
        "nw",
        "es",
        "ew",
        "sw",
        "nes",
        "new",
        "nsw",
        "esw",
        "nesw"
      ]
    },
    { "code": "cover", "states": ["free"] }
  ],
  "creativeinventory": {
    "general": ["*-ew-free"],
    "decorative": ["*-ew-free"],
    "primitive": ["*-ew-free"]
  },
  "shapebytype": {
    "*-empty-free": { "base": "block/stone/steatite/rail/empty" },
    "*-n-free": { "base": "block/stone/steatite/rail/w", "rotateY": 270 },
    "*-e-free": { "base": "block/stone/steatite/rail/w", "rotateY": 180 },
    "*-s-free": { "base": "block/stone/steatite/rail/w", "rotateY": 90 },
    "*-w-free": { "base": "block/stone/steatite/rail/w", "rotateY": 0 },

    "*-ns-free": { "base": "block/stone/steatite/rail/ew", "rotateY": 90 },
    "*-ew-free": { "base": "block/stone/steatite/rail/ew", "rotateY": 0 },

    "*-ne-free": { "base": "block/stone/steatite/rail/sw", "rotateY": 180 },
    "*-nw-free": { "base": "block/stone/steatite/rail/sw", "rotateY": 270 },
    "*-es-free": { "base": "block/stone/steatite/rail/sw", "rotateY": 90 },
    "*-sw-free": { "base": "block/stone/steatite/rail/sw", "rotateY": 0 },

    "*-nes-free": { "base": "block/stone/steatite/rail/nsw", "rotateY": 180 },
    "*-new-free": { "base": "block/stone/steatite/rail/nsw", "rotateY": 270 },
    "*-nsw-free": { "base": "block/stone/steatite/rail/nsw", "rotateY": 0 },
    "*-esw-free": { "base": "block/stone/steatite/rail/nsw", "rotateY": 90 },

    "*-nesw-free": { "base": "block/stone/steatite/rail/nesw", "rotateY": 0 }
  },
  "drawtypeByType": {
    "*-free": "JSON"
  },
  "blockmaterial": "Stone",
  "textures": {
    "horizontal": { "base": "block/stone/steatite/rail/{material}-horizontal" },
    "vertical": { "base": "block/stone/steatite/rail/{material}-vertical" }
  },
  "sidesolid": {
    "all": false
  },
  "sideopaque": {
    "all": false
  },
  "lightAbsorption": 0,
  "sounds": {
    "place": "block/stone",
    "hit": "block/stone",
    "break": "block/stone",
    "walk": "walk/stone"
  },
  "selectionboxbytype": {
    "*-empty-*": {
      "x1": 0.375,
      "y1": -0.4,
      "z1": 0.375,
      "x2": 0.625,
      "y2": 0.775,
      "z2": 0.625
    },
    "*-n-*": {
      "x1": 0,
      "y1": -0.4,
      "z1": 0.375,
      "x2": 0.625,
      "y2": 0.775,
      "z2": 0.625,
      "rotateY": 270
    },
    "*-e-*": {
      "x1": 0,
      "y1": -0.4,
      "z1": 0.375,
      "x2": 0.625,
      "y2": 0.775,
      "z2": 0.625,
      "rotateY": 180
    },
    "*-s-*": {
      "x1": 0,
      "y1": -0.4,
      "z1": 0.375,
      "x2": 0.625,
      "y2": 0.775,
      "z2": 0.625,
      "rotateY": 90
    },
    "*-w-*": {
      "x1": 0,
      "y1": -0.4,
      "z1": 0.375,
      "x2": 0.625,
      "y2": 0.775,
      "z2": 0.625
    },

    "*-ns-*": {
      "x1": 0,
      "y1": -0.4,
      "z1": 0.375,
      "x2": 1,
      "y2": 0.775,
      "z2": 0.625,
      "rotateY": 90
    },
    "*-gns-*": {
      "x1": 0,
      "y1": -0.4,
      "z1": 0.375,
      "x2": 1,
      "y2": 0.775,
      "z2": 0.625,
      "rotateY": 90
    },
    "*-ngs-*": {
      "x1": 0,
      "y1": -0.4,
      "z1": 0.375,
      "x2": 1,
      "y2": 0.775,
      "z2": 0.625,
      "rotateY": 90
    },
    "*-ew-*": {
      "x1": 0,
      "y1": -0.4,
      "z1": 0.375,
      "x2": 1,
      "y2": 0.775,
      "z2": 0.625
    },
    "*-egw-*": {
      "x1": 0,
      "y1": -0.4,
      "z1": 0.375,
      "x2": 1,
      "y2": 0.775,
      "z2": 0.625
    },
    "*-gew-*": {
      "x1": 0,
      "y1": -0.4,
      "z1": 0.375,
      "x2": 1,
      "y2": 0.775,
      "z2": 0.625
    }
  },
  "selectionboxesbytype": {
    "*-sw-*": [
      {
        "x1": 0.375,
        "y1": -0.4,
        "z1": 0.375,
        "x2": 0.625,
        "y2": 0.775,
        "z2": 1
      },
      {
        "x1": 0,
        "y1": -0.4,
        "z1": 0.375,
        "x2": 0.375,
        "y2": 0.775,
        "z2": 0.625,
        "rotateY": 0
      }
    ],
    "*-ne-*": [
      {
        "x1": 0.375,
        "y1": -0.4,
        "z1": 0.375,
        "x2": 0.625,
        "y2": 0.775,
        "z2": 1,
        "rotateY": 180
      },
      {
        "x1": 0,
        "y1": -0.4,
        "z1": 0.375,
        "x2": 0.375,
        "y2": 0.775,
        "z2": 0.625,
        "rotateY": 180
      }
    ],
    "*-nw-*": [
      {
        "x1": 0.375,
        "y1": -0.4,
        "z1": 0.375,
        "x2": 0.625,
        "y2": 0.775,
        "z2": 1,
        "rotateY": 270
      },
      {
        "x1": 0,
        "y1": -0.4,
        "z1": 0.375,
        "x2": 0.375,
        "y2": 0.775,
        "z2": 0.625,
        "rotateY": 270
      }
    ],
    "*-es-*": [
      {
        "x1": 0.375,
        "y1": -0.4,
        "z1": 0.375,
        "x2": 0.625,
        "y2": 0.775,
        "z2": 1,
        "rotateY": 90
      },
      {
        "x1": 0,
        "y1": -0.4,
        "z1": 0.375,
        "x2": 0.375,
        "y2": 0.775,
        "z2": 0.625,
        "rotateY": 90
      }
    ],

    "*-nes-*": [
      {
        "x1": 0.375,
        "y1": -0.4,
        "z1": 0,
        "x2": 0.625,
        "y2": 0.775,
        "z2": 1,
        "rotateY": 180
      },
      {
        "x1": 0,
        "y1": -0.4,
        "z1": 0.375,
        "x2": 0.375,
        "y2": 0.775,
        "z2": 0.625,
        "rotateY": 180
      }
    ],
    "*-new-*": [
      {
        "x1": 0.375,
        "y1": -0.4,
        "z1": 0,
        "x2": 0.625,
        "y2": 0.775,
        "z2": 1,
        "rotateY": 270
      },
      {
        "x1": 0,
        "y1": -0.4,
        "z1": 0.375,
        "x2": 0.375,
        "y2": 0.775,
        "z2": 0.625,
        "rotateY": 270
      }
    ],
    "*-nsw-*": [
      {
        "x1": 0.375,
        "y1": -0.4,
        "z1": 0,
        "x2": 0.625,
        "y2": 0.775,
        "z2": 1,
        "rotateY": 0
      },
      {
        "x1": 0,
        "y1": -0.4,
        "z1": 0.375,
        "x2": 0.375,
        "y2": 0.775,
        "z2": 0.625,
        "rotateY": 0
      }
    ],
    "*-esw-*": [
      {
        "x1": 0.375,
        "y1": -0.4,
        "z1": 0,
        "x2": 0.625,
        "y2": 0.775,
        "z2": 1,
        "rotateY": 90
      },
      {
        "x1": 0,
        "y1": -0.4,
        "z1": 0.375,
        "x2": 0.375,
        "y2": 0.775,
        "z2": 0.625,
        "rotateY": 90
      }
    ],

    "*-nesw-*": [
      { "x1": 0.375, "y1": -0.4, "z1": 0, "x2": 0.625, "y2": 0.775, "z2": 1 },
      { "x1": 0, "y1": -0.4, "z1": 0.375, "x2": 1, "y2": 0.775, "z2": 0.625 }
    ]
  },

  "collisionboxbytype": {
    "*-empty-*": {
      "x1": 0.375,
      "y1": -0.4,
      "z1": 0.375,
      "x2": 0.625,
      "y2": 0.775,
      "z2": 0.625
    },
    "*-n-*": {
      "x1": 0,
      "y1": -0.4,
      "z1": 0.375,
      "x2": 0.625,
      "y2": 0.775,
      "z2": 0.625,
      "rotateY": 270
    },
    "*-e-*": {
      "x1": 0,
      "y1": -0.4,
      "z1": 0.375,
      "x2": 0.625,
      "y2": 0.775,
      "z2": 0.625,
      "rotateY": 180
    },
    "*-s-*": {
      "x1": 0,
      "y1": -0.4,
      "z1": 0.375,
      "x2": 0.625,
      "y2": 0.775,
      "z2": 0.625,
      "rotateY": 90
    },
    "*-w-*": {
      "x1": 0,
      "y1": -0.4,
      "z1": 0.375,
      "x2": 0.625,
      "y2": 0.775,
      "z2": 0.625
    },

    "*-ns-*": {
      "x1": 0,
      "y1": -0.4,
      "z1": 0.375,
      "x2": 1,
      "y2": 0.775,
      "z2": 0.625,
      "rotateY": 90
    },
    "*-gns-*": {
      "x1": 0,
      "y1": -0.4,
      "z1": 0.375,
      "x2": 1,
      "y2": 0.775,
      "z2": 0.625,
      "rotateY": 90
    },
    "*-ngs-*": {
      "x1": 0,
      "y1": -0.4,
      "z1": 0.375,
      "x2": 1,
      "y2": 0.775,
      "z2": 0.625,
      "rotateY": 90
    },
    "*-ew-*": {
      "x1": 0,
      "y1": -0.4,
      "z1": 0.375,
      "x2": 1,
      "y2": 0.775,
      "z2": 0.625
    },
    "*-egw-*": {
      "x1": 0,
      "y1": -0.4,
      "z1": 0.375,
      "x2": 1,
      "y2": 0.775,
      "z2": 0.625
    },
    "*-gew-*": {
      "x1": 0,
      "y1": -0.4,
      "z1": 0.375,
      "x2": 1,
      "y2": 0.775,
      "z2": 0.625
    }
  },
  "collisionboxesbytype": {
    "*-sw-*": [
      {
        "x1": 0.375,
        "y1": -0.4,
        "z1": 0.375,
        "x2": 0.625,
        "y2": 0.775,
        "z2": 1
      },
      {
        "x1": 0,
        "y1": -0.4,
        "z1": 0.375,
        "x2": 0.375,
        "y2": 0.775,
        "z2": 0.625,
        "rotateY": 0
      }
    ],
    "*-ne-*": [
      {
        "x1": 0.375,
        "y1": -0.4,
        "z1": 0.375,
        "x2": 0.625,
        "y2": 0.775,
        "z2": 1,
        "rotateY": 180
      },
      {
        "x1": 0,
        "y1": -0.4,
        "z1": 0.375,
        "x2": 0.375,
        "y2": 0.775,
        "z2": 0.625,
        "rotateY": 180
      }
    ],
    "*-nw-*": [
      {
        "x1": 0.375,
        "y1": -0.4,
        "z1": 0.375,
        "x2": 0.625,
        "y2": 0.775,
        "z2": 1,
        "rotateY": 270
      },
      {
        "x1": 0,
        "y1": -0.4,
        "z1": 0.375,
        "x2": 0.375,
        "y2": 0.775,
        "z2": 0.625,
        "rotateY": 270
      }
    ],
    "*-es-*": [
      {
        "x1": 0.375,
        "y1": -0.4,
        "z1": 0.375,
        "x2": 0.625,
        "y2": 0.775,
        "z2": 1,
        "rotateY": 90
      },
      {
        "x1": 0,
        "y1": -0.4,
        "z1": 0.375,
        "x2": 0.375,
        "y2": 0.775,
        "z2": 0.625,
        "rotateY": 90
      }
    ],

    "*-nes-*": [
      {
        "x1": 0.375,
        "y1": -0.4,
        "z1": 0,
        "x2": 0.625,
        "y2": 0.775,
        "z2": 1,
        "rotateY": 180
      },
      {
        "x1": 0,
        "y1": -0.4,
        "z1": 0.375,
        "x2": 0.375,
        "y2": 0.775,
        "z2": 0.625,
        "rotateY": 180
      }
    ],
    "*-new-*": [
      {
        "x1": 0.375,
        "y1": -0.4,
        "z1": 0,
        "x2": 0.625,
        "y2": 0.775,
        "z2": 1,
        "rotateY": 270
      },
      {
        "x1": 0,
        "y1": -0.4,
        "z1": 0.375,
        "x2": 0.375,
        "y2": 0.775,
        "z2": 0.625,
        "rotateY": 270
      }
    ],
    "*-nsw-*": [
      {
        "x1": 0.375,
        "y1": -0.4,
        "z1": 0,
        "x2": 0.625,
        "y2": 0.775,
        "z2": 1,
        "rotateY": 0
      },
      {
        "x1": 0,
        "y1": -0.4,
        "z1": 0.375,
        "x2": 0.375,
        "y2": 0.775,
        "z2": 0.625,
        "rotateY": 0
      }
    ],
    "*-esw-*": [
      {
        "x1": 0.375,
        "y1": -0.4,
        "z1": 0,
        "x2": 0.625,
        "y2": 0.775,
        "z2": 1,
        "rotateY": 90
      },
      {
        "x1": 0,
        "y1": -0.4,
        "z1": 0.375,
        "x2": 0.375,
        "y2": 0.775,
        "z2": 0.625,
        "rotateY": 90
      }
    ],

    "*-nesw-*": [
      { "x1": 0.375, "y1": -0.4, "z1": 0, "x2": 0.625, "y2": 0.775, "z2": 1 },
      { "x1": 0, "y1": -0.4, "z1": 0.375, "x2": 1, "y2": 0.775, "z2": 0.625 }
    ]
  },
  "replaceable": 500,
  "resistance": 4,
  "guiTransform": {
    "origin": { "x": 0.6, "y": 0.2, "z": 0.5 }
  },
  "tpHandTransform": {
    "origin": { "x": 0.6, "y": 1.2, "z": 0.4 },
    "scale": 0.42
  }
}
