{
    "code": "metalfishinghook",
    "maxstacksize": 64,
    "attributes": {
        "reinforcementStrengthByType": {
            "*-copper": 150,
            "*-tinbronze": 300,
            "*-bismuthbronze": 300,
            "*-blackbronze": 400,
            "*-iron": 800
        },
        "handbook": {
            "excludeByType": {
                "*-chromium": true,
                "*-platinum": true,
                "*-titanium": true,
                "*-rhodium": true,
                "*-stainlessteel": true,
                "*-uranium": true
            }
        },
        "displaycaseable": false,
        "shelvable": false
    },
    "variantgroups": [
        {
            "code": "metal",
            "loadFromProperties": "game:block/metal"
        }
    ],
    "attributesByType": {
        "hook-lead": {
            "workableTemperature": 0
        }
    },
    "storageFlags": 5,

    "shape": { "base": "item/fishing/fishinghook" },
    "textures": {
        "hookmaterial": { "base": "game:block/metal/ingot/{metal}" }
    },
    "creativeinventory": {
        "general": [ "*" ],
        "items": [ "*" ],
        "primitive": [ "*" ]
    },
    "materialDensityByType": {
        "*-copper": 8960,
        "*-brass": 8500,
        "*-tinbronze": 7600,
        "*-bismuthbronze": 7900,
        "*-blackbronze": 9000,
        "*-iron": 7870,
        "*-gold": 19300,
        "*-lead": 11300,
        "*-tin": 7260,
        "*-chromium": 7150,
        "*-platinum": 21500,
        "*-titanium": 4510,
        "*-zinc": 7140,
        "*-silver": 10500,
        "*-bismuth": 9790,
        "*-molybdochalkos": 9600
    },
    "fpHandTransform": {
        "translation": {
            "x": -0.5,
            "y": 0.4,
            "z": 0.4
        },
        "rotation": {
            "x": -34,
            "y": -180,
            "z": -179
        },
        "origin": {
            "x": 0.4,
            "y": 0.07,
            "z": 0.8
        },
        "scale": 0.86
    },
    "guiTransform": {
        "translation": {
            "x": -3,
            "y": -1.7,
            "z": 0
        },
        "rotation": {
            "x": -3,
            "y": -152,
            "z": 134
        },
        "origin": {
            "x": 0.49,
            "y": -0.04,
            "z": 0.56
        },
        "scale": 3.4
    },
    "groundTransform": {
        "translation": {
            "x": 0,
            "y": 0,
            "z": 0
        },
        "rotation": {
            "x": 90,
            "y": 0,
            "z": 0
        },
        "origin": {
            "x": 0.5,
            "y": 0,
            "z": 0.55
        },
        "scale": 3.5
    },

    "tpHandTransform": {
        "translation": {
            "x": -0.6,
            "y": -1.2,
            "z": -0.85
        },
        "rotation": {
            "x": 0,
            "y": -180,
            "z": -115
        },
        "scale": 0.53
    }
}
