{
  "code": "fishinghook",
  "class": "itemfishinghook",
  "attributes": {
    "displaycaseable": true,
    "shelvable": true
  },
  "maxstacksize": 64,
  "variantgroups": [{ "code": "type", "states": ["plain", "baited"] }],
  "shapeByType": {
    "*-baited": { "base": "item/fishinghook/fishinghook-baited" },
    "*": { "base": "item/fishinghook/fishinghook-plain" }
  },
  "textures": {
    "material": {
      "base": "game:block/stone/flint"
    },
    "baitmaterial": {
      "base": "primitivesurvival:block/bait"
    }
  },

  "creativeinventory": { "general": ["*"], "items": ["*"], "primitive": ["*"] },
  "fpHandTransform": {
    "translation": { "x": -0.5, "y": 0.4, "z": 0.4 },
    "rotation": { "x": -20, "y": 35, "z": 34 },
    "scale": 2.77
  },
  "guiTransform": {
    "rotate": false,
    "translation": { "x": -2, "y": 3, "z": 0 },
    "rotation": { "x": -8, "y": -152, "z": 142 },
    "origin": { "x": 0.49, "y": 0.06, "z": 0.56 },
    "scale": 3.4
  },
  "groundTransform": {
    "translation": { "x": 0, "y": 0, "z": 0 },
    "rotation": { "x": 90, "y": 0, "z": 0 },
    "origin": { "x": 0.5, "y": 0, "z": 0.55 },
    "scale": 3.5
  },
  "tpHandTransform": {
    "translation": { "x": -1.1, "y": -1.3, "z": -1.3 },
    "rotation": { "x": 0, "y": -62, "z": -115 },
    "scale": 0.48
  }
}
